[debug] [2026-07-25T16:20:39.939Z] ----------------------------------------------------------------------
[debug] [2026-07-25T16:20:39.941Z] Command:       /usr/local/bin/node /usr/local/bin/firebase deploy --only functions
[debug] [2026-07-25T16:20:39.941Z] CLI Version:   15.24.0
[debug] [2026-07-25T16:20:39.941Z] Platform:      darwin
[debug] [2026-07-25T16:20:39.941Z] Node Version:  v22.5.1
[debug] [2026-07-25T16:20:39.941Z] Detected Agent: unknown
[debug] [2026-07-25T16:20:39.941Z] Time:          Sat Jul 25 2026 11:20:39 GMT-0500 (Central Daylight Time)
[debug] [2026-07-25T16:20:39.941Z] ----------------------------------------------------------------------
[debug] 
[debug] [2026-07-25T16:20:40.623Z] > command requires scopes: ["email","openid","https://www.googleapis.com/auth/cloudplatformprojects.readonly","https://www.googleapis.com/auth/firebase","https://www.googleapis.com/auth/cloud-platform"]
[debug] [2026-07-25T16:20:40.623Z] > authorizing via signed-in user (madhajaswanth@gmail.com)
[debug] [2026-07-25T16:20:40.623Z] [iam] checking project visionclother for permissions ["cloudfunctions.functions.create","cloudfunctions.functions.delete","cloudfunctions.functions.get","cloudfunctions.functions.list","cloudfunctions.functions.update","cloudfunctions.operations.get","firebase.projects.get"]
[debug] [2026-07-25T16:20:40.629Z] Checked if tokens are valid: true, expires at: 1784999000608
[debug] [2026-07-25T16:20:40.629Z] Checked if tokens are valid: true, expires at: 1784999000608
[debug] [2026-07-25T16:20:40.630Z] >>> [apiv2][query] POST https://cloudresourcemanager.googleapis.com/v1/projects/visionclother:testIamPermissions [none]
[debug] [2026-07-25T16:20:40.630Z] >>> [apiv2][(partial)header] POST https://cloudresourcemanager.googleapis.com/v1/projects/visionclother:testIamPermissions  x-goog-user-project=visionclother
[debug] [2026-07-25T16:20:40.630Z] >>> [apiv2][body] POST https://cloudresourcemanager.googleapis.com/v1/projects/visionclother:testIamPermissions {"permissions":["cloudfunctions.functions.create","cloudfunctions.functions.delete","cloudfunctions.functions.get","cloudfunctions.functions.list","cloudfunctions.functions.update","cloudfunctions.operations.get","firebase.projects.get"]}
[debug] [2026-07-25T16:20:40.806Z] <<< [apiv2][status] POST https://cloudresourcemanager.googleapis.com/v1/projects/visionclother:testIamPermissions 200
[debug] [2026-07-25T16:20:40.807Z] <<< [apiv2][body] POST https://cloudresourcemanager.googleapis.com/v1/projects/visionclother:testIamPermissions {"permissions":["cloudfunctions.functions.create","cloudfunctions.functions.delete","cloudfunctions.functions.get","cloudfunctions.functions.list","cloudfunctions.functions.update","cloudfunctions.operations.get","firebase.projects.get"]}
[debug] [2026-07-25T16:20:40.807Z] Checked if tokens are valid: true, expires at: 1784999000608
[debug] [2026-07-25T16:20:40.807Z] Checked if tokens are valid: true, expires at: 1784999000608
[debug] [2026-07-25T16:20:40.807Z] >>> [apiv2][query] POST https://iam.googleapis.com/v1/projects/visionclother/serviceAccounts/visionclother@appspot.gserviceaccount.com:testIamPermissions [none]
[debug] [2026-07-25T16:20:40.807Z] >>> [apiv2][body] POST https://iam.googleapis.com/v1/projects/visionclother/serviceAccounts/visionclother@appspot.gserviceaccount.com:testIamPermissions {"permissions":["iam.serviceAccounts.actAs"]}
[debug] [2026-07-25T16:20:41.000Z] <<< [apiv2][status] POST https://iam.googleapis.com/v1/projects/visionclother/serviceAccounts/visionclother@appspot.gserviceaccount.com:testIamPermissions 200
[debug] [2026-07-25T16:20:41.000Z] <<< [apiv2][body] POST https://iam.googleapis.com/v1/projects/visionclother/serviceAccounts/visionclother@appspot.gserviceaccount.com:testIamPermissions {"permissions":["iam.serviceAccounts.actAs"]}
[info] 
[info] === Deploying to 'visionclother'...
[info] 
[info] i  deploying functions 
[info] Running command: npm --prefix "$RESOURCE_DIR" run build
[info] ✔  functions: Finished running predeploy script. 
[debug] [2026-07-25T16:20:42.436Z] Checked if tokens are valid: true, expires at: 1784999000608
[debug] [2026-07-25T16:20:42.436Z] Checked if tokens are valid: true, expires at: 1784999000608
[debug] [2026-07-25T16:20:42.437Z] >>> [apiv2][query] GET https://cloudresourcemanager.googleapis.com/v1/projects/visionclother [none]
[debug] [2026-07-25T16:20:42.521Z] <<< [apiv2][status] GET https://cloudresourcemanager.googleapis.com/v1/projects/visionclother 200
[debug] [2026-07-25T16:20:42.521Z] <<< [apiv2][body] GET https://cloudresourcemanager.googleapis.com/v1/projects/visionclother {"projectNumber":"1008598090428","projectId":"visionclother","lifecycleState":"ACTIVE","name":"visionclother","labels":{"firebase":"enabled","firebase-core":"disabled"},"createTime":"2026-07-16T09:48:05.178Z"}
[info] i  functions: preparing codebase default for deployment 
[info] i  functions: ensuring required API cloudfunctions.googleapis.com is enabled... 
[info] i  functions: ensuring required API cloudbuild.googleapis.com is enabled... 
[info] i  artifactregistry: ensuring required API artifactregistry.googleapis.com is enabled... 
[debug] [2026-07-25T16:20:42.522Z] Checked if tokens are valid: true, expires at: 1784999000608
[debug] [2026-07-25T16:20:42.522Z] Checked if tokens are valid: true, expires at: 1784999000608
[debug] [2026-07-25T16:20:42.522Z] >>> [apiv2][query] GET https://firebase.googleapis.com/v1beta1/projects/visionclother/adminSdkConfig [none]
[debug] [2026-07-25T16:20:42.876Z] <<< [apiv2][status] GET https://firebase.googleapis.com/v1beta1/projects/visionclother/adminSdkConfig 200
[debug] [2026-07-25T16:20:42.876Z] <<< [apiv2][body] GET https://firebase.googleapis.com/v1beta1/projects/visionclother/adminSdkConfig {"projectId":"visionclother","storageBucket":"visionclother.firebasestorage.app"}
[debug] [2026-07-25T16:20:42.876Z] Checked if tokens are valid: true, expires at: 1784999000608
[debug] [2026-07-25T16:20:42.876Z] Checked if tokens are valid: true, expires at: 1784999000608
[debug] [2026-07-25T16:20:42.877Z] >>> [apiv2][query] GET https://runtimeconfig.googleapis.com/v1beta1/projects/visionclother/configs [none]
[debug] [2026-07-25T16:20:43.057Z] <<< [apiv2][status] GET https://runtimeconfig.googleapis.com/v1beta1/projects/visionclother/configs 200
[debug] [2026-07-25T16:20:43.057Z] <<< [apiv2][body] GET https://runtimeconfig.googleapis.com/v1beta1/projects/visionclother/configs {}
[debug] [2026-07-25T16:20:43.061Z] Validating nodejs source
[warn] ⚠  functions: Runtime Node.js 20 was deprecated on 2026-04-30 and will be decommissioned on 2026-10-30, after which you will not be able to deploy without upgrading. Consider upgrading now to avoid disruption. See https://cloud.google.com/functions/docs/runtime-support for full details on the lifecycle policy 
[warn] ⚠  functions: package.json indicates an outdated version of firebase-functions. Please upgrade using npm install --save firebase-functions@latest in your functions directory. 
[warn] ⚠  functions: Please note that there will be breaking changes when you upgrade. 
[debug] [2026-07-25T16:20:43.475Z] > [functions] package.json contents: {
  "name": "vision-clother-functions",
  "version": "1.0.0",
  "private": true,
  "description": "Thin passthrough proxy for OpenRouter and Pexels — holds provider API keys server-side. See backend/README.md.",
  "main": "lib/index.js",
  "engines": {
    "node": "20"
  },
  "scripts": {
    "build": "tsc",
    "build:watch": "tsc --watch",
    "serve": "npm run build && firebase emulators:start --only functions,auth,firestore",
    "test": "vitest run",
    "test:watch": "vitest"
  },
  "dependencies": {
    "@apple/app-store-server-library": "^1.6.0",
    "express": "^4.19.2",
    "firebase-admin": "^12.3.0",
    "firebase-functions": "^5.0.0",
    "sharp": "^0.33.5",
    "zod": "^3.23.8"
  },
  "devDependencies": {
    "@types/express": "^4.17.21",
    "@types/node": "^20.14.0",
    "@types/supertest": "^6.0.2",
    "supertest": "^7.0.0",
    "typescript": "^5.5.0",
    "vitest": "^2.0.0"
  }
}
[debug] [2026-07-25T16:20:43.475Z] Building nodejs source
[info] i  functions: Loading and analyzing source code for codebase default to determine what to deploy 
[debug] [2026-07-25T16:20:43.476Z] Could not find functions.yaml. Must use http discovery
[debug] [2026-07-25T16:20:43.482Z] Found firebase-functions binary at '/Users/jaswanth/mydocs/ios-apps/vision_clother/backend/functions/node_modules/.bin/firebase-functions'
[info] Serving at port 8457

[error] (node:8285) [DEP0040] DeprecationWarning: The `punycode` module is deprecated. Please use a userland alternative instead.
(Use `node --trace-deprecation ...` to show where the warning was created)

[debug] [2026-07-25T16:20:43.909Z] Got response from /__/functions.yaml {"endpoints":{"proxyApi":{"availableMemoryMb":256,"timeoutSeconds":60,"minInstances":0,"maxInstances":3,"ingressSettings":null,"concurrency":5,"serviceAccountEmail":null,"vpc":null,"platform":"gcfv2","cpu":1,"secretEnvironmentVariables":[{"key":"OPENROUTER_API_KEY"},{"key":"PEXELS_API_KEY"}],"labels":{},"httpsTrigger":{"invoker":["public"]},"entryPoint":"proxyApi"},"heavyApi":{"availableMemoryMb":512,"timeoutSeconds":180,"minInstances":0,"maxInstances":2,"ingressSettings":null,"concurrency":2,"serviceAccountEmail":null,"vpc":null,"platform":"gcfv2","cpu":1,"secretEnvironmentVariables":[{"key":"OPENROUTER_API_KEY"}],"labels":{},"httpsTrigger":{"invoker":["public"]},"entryPoint":"heavyApi"},"accountApi":{"availableMemoryMb":256,"timeoutSeconds":30,"minInstances":0,"maxInstances":3,"ingressSettings":null,"concurrency":5,"serviceAccountEmail":null,"vpc":null,"platform":"gcfv2","cpu":1,"labels":{},"httpsTrigger":{"invoker":["public"]},"entryPoint":"accountApi"},"wardrobeImageProcessing":{"platform":"gcfv2","availableMemoryMb":512,"timeoutSeconds":null,"minInstances":0,"maxInstances":4,"ingressSettings":null,"concurrency":2,"serviceAccountEmail":null,"vpc":null,"cpu":1,"region":["us-central1"],"labels":{},"eventTrigger":{"eventType":"google.cloud.storage.object.v1.finalized","eventFilters":{"bucket":"visionclother.firebasestorage.app"},"retry":false},"entryPoint":"wardrobeImageProcessing"}},"specVersion":"v1alpha1","requiredAPIs":[],"extensions":{},"params":[{"type":"secret","name":"OPENROUTER_API_KEY"},{"type":"secret","name":"PEXELS_API_KEY"}]}
[debug] [2026-07-25T16:20:46.926Z] Checked if tokens are valid: true, expires at: 1784999000608
[debug] [2026-07-25T16:20:46.926Z] Checked if tokens are valid: true, expires at: 1784999000608
[debug] [2026-07-25T16:20:46.926Z] >>> [apiv2][query] GET https://cloudfunctions.googleapis.com/v1/projects/visionclother/locations/-/functions [none]
[debug] [2026-07-25T16:20:47.399Z] <<< [apiv2][status] GET https://cloudfunctions.googleapis.com/v1/projects/visionclother/locations/-/functions 200
[debug] [2026-07-25T16:20:47.399Z] <<< [apiv2][body] GET https://cloudfunctions.googleapis.com/v1/projects/visionclother/locations/-/functions {}
[debug] [2026-07-25T16:20:47.400Z] Checked if tokens are valid: true, expires at: 1784999000608
[debug] [2026-07-25T16:20:47.400Z] Checked if tokens are valid: true, expires at: 1784999000608
[debug] [2026-07-25T16:20:47.401Z] >>> [apiv2][query] GET https://cloudfunctions.googleapis.com/v2/projects/visionclother/locations/-/functions filter=environment%3D%22GEN_2%22
[debug] [2026-07-25T16:20:47.789Z] <<< [apiv2][status] GET https://cloudfunctions.googleapis.com/v2/projects/visionclother/locations/-/functions 200
[debug] [2026-07-25T16:20:47.790Z] <<< [apiv2][body] GET https://cloudfunctions.googleapis.com/v2/projects/visionclother/locations/-/functions {"functions":[{"name":"projects/visionclother/locations/us-central1/functions/proxyApi","buildConfig":{"build":"projects/1008598090428/locations/us-central1/builds/6af89f84-5f49-492d-83c1-4e39d55cb3b0","runtime":"nodejs20","entryPoint":"proxyApi","source":{"storageSource":{"bucket":"gcf-v2-sources-1008598090428-us-central1","object":"proxyApi/function-source.zip","generation":"1784995878969033"}},"environmentVariables":{"GOOGLE_NODE_RUN_SCRIPTS":""},"dockerRepository":"projects/visionclother/locations/us-central1/repositories/gcf-artifacts","sourceProvenance":{"resolvedStorageSource":{"bucket":"gcf-v2-sources-1008598090428-us-central1","object":"proxyApi/function-source.zip","generation":"1784995878969033"}},"dockerRegistry":"ARTIFACT_REGISTRY","serviceAccount":"projects/visionclother/serviceAccounts/1008598090428-compute@developer.gserviceaccount.com","automaticUpdatePolicy":{}},"serviceConfig":{"service":"projects/visionclother/locations/us-central1/services/proxyapi","timeoutSeconds":60,"environmentVariables":{"IAP_ALLOW_XCODE_UNVERIFIED":"true","FIREBASE_CONFIG":"{\"projectId\":\"visionclother\",\"storageBucket\":\"visionclother.firebasestorage.app\"}","GCLOUD_PROJECT":"visionclother","EVENTARC_CLOUD_EVENT_SOURCE":"projects/visionclother/locations/us-central1/services/proxyApi","FUNCTION_TARGET":"proxyApi","LOG_EXECUTION_ID":"true"},"maxInstanceCount":3,"ingressSettings":"ALLOW_ALL","uri":"https://proxyapi-z3sgjy64ga-uc.a.run.app","serviceAccountEmail":"1008598090428-compute@developer.gserviceaccount.com","availableMemory":"256Mi","allTrafficOnLatestRevision":true,"secretEnvironmentVariables":[{"key":"OPENROUTER_API_KEY","projectId":"visionclother","secret":"OPENROUTER_API_KEY","version":"4"},{"key":"PEXELS_API_KEY","projectId":"visionclother","secret":"PEXELS_API_KEY","version":"3"}],"revision":"proxyapi-00002-gom","maxInstanceRequestConcurrency":5,"availableCpu":"1"},"state":"ACTIVE","updateTime":"2026-07-25T16:12:30.616951593Z","labels":{"deployment-tool":"cli-firebase","firebase-functions-hash":"0aeb354531d72a021b3e1673873f1d0d56ca068e"},"environment":"GEN_2","url":"https://us-central1-visionclother.cloudfunctions.net/proxyApi","createTime":"2026-07-21T15:14:20.936536483Z","satisfiesPzi":true},{"name":"projects/visionclother/locations/us-central1/functions/accountApi","buildConfig":{"build":"projects/1008598090428/locations/us-central1/builds/6af89f84-5f49-492d-83c1-4e39d55cb3b0","runtime":"nodejs20","entryPoint":"accountApi","source":{"storageSource":{"bucket":"gcf-v2-sources-1008598090428-us-central1","object":"accountApi/function-source.zip","generation":"1784995926947653"}},"environmentVariables":{"GOOGLE_NODE_RUN_SCRIPTS":""},"dockerRepository":"projects/visionclother/locations/us-central1/repositories/gcf-artifacts","sourceProvenance":{"resolvedStorageSource":{"bucket":"gcf-v2-sources-1008598090428-us-central1","object":"accountApi/function-source.zip","generation":"1784995926947653"}},"dockerRegistry":"ARTIFACT_REGISTRY","serviceAccount":"projects/visionclother/serviceAccounts/1008598090428-compute@developer.gserviceaccount.com","automaticUpdatePolicy":{}},"serviceConfig":{"service":"projects/visionclother/locations/us-central1/services/accountapi","timeoutSeconds":30,"environmentVariables":{"IAP_ALLOW_XCODE_UNVERIFIED":"true","FIREBASE_CONFIG":"{\"projectId\":\"visionclother\",\"storageBucket\":\"visionclother.firebasestorage.app\"}","GCLOUD_PROJECT":"visionclother","EVENTARC_CLOUD_EVENT_SOURCE":"projects/visionclother/locations/us-central1/services/accountApi","FUNCTION_TARGET":"accountApi","LOG_EXECUTION_ID":"true","FUNCTION_SIGNATURE_TYPE":"http"},"maxInstanceCount":3,"ingressSettings":"ALLOW_ALL","uri":"https://accountapi-z3sgjy64ga-uc.a.run.app","serviceAccountEmail":"1008598090428-compute@developer.gserviceaccount.com","availableMemory":"256Mi","allTrafficOnLatestRevision":true,"revision":"accountapi-00003-jej","maxInstanceRequestConcurrency":5,"availableCpu":"1"},"state":"ACTIVE","updateTime":"2026-07-25T16:12:29.627907087Z","labels":{"deployment-tool":"cli-firebase","firebase-functions-hash":"e2041bbf398ae0c60d5c090a2647fb82096e81f7"},"environment":"GEN_2","url":"https://us-central1-visionclother.cloudfunctions.net/accountApi","createTime":"2026-07-21T15:15:08.417336921Z","satisfiesPzi":true},{"name":"projects/visionclother/locations/us-central1/functions/heavyApi","buildConfig":{"build":"projects/1008598090428/locations/us-central1/builds/79208b13-fb20-40af-9de7-2427cdfd1def","runtime":"nodejs20","entryPoint":"heavyApi","source":{"storageSource":{"bucket":"gcf-v2-sources-1008598090428-us-central1","object":"heavyApi/function-source.zip","generation":"1784646860631886"}},"environmentVariables":{"GOOGLE_NODE_RUN_SCRIPTS":""},"dockerRepository":"projects/visionclother/locations/us-central1/repositories/gcf-artifacts","sourceProvenance":{"resolvedStorageSource":{"bucket":"gcf-v2-sources-1008598090428-us-central1","object":"heavyApi/function-source.zip","generation":"1784646860631886"}},"dockerRegistry":"ARTIFACT_REGISTRY","serviceAccount":"projects/visionclother/serviceAccounts/1008598090428-compute@developer.gserviceaccount.com","automaticUpdatePolicy":{}},"serviceConfig":{"service":"projects/visionclother/locations/us-central1/services/heavyapi","timeoutSeconds":180,"environmentVariables":{"IAP_ALLOW_XCODE_UNVERIFIED":"true","FIREBASE_CONFIG":"{\"projectId\":\"visionclother\",\"storageBucket\":\"visionclother.firebasestorage.app\"}","GCLOUD_PROJECT":"visionclother","EVENTARC_CLOUD_EVENT_SOURCE":"projects/visionclother/locations/us-central1/services/heavyApi","FUNCTION_TARGET":"heavyApi","LOG_EXECUTION_ID":"true"},"maxInstanceCount":10,"ingressSettings":"ALLOW_ALL","uri":"https://heavyapi-z3sgjy64ga-uc.a.run.app","serviceAccountEmail":"1008598090428-compute@developer.gserviceaccount.com","availableMemory":"512Mi","allTrafficOnLatestRevision":true,"secretEnvironmentVariables":[{"key":"OPENROUTER_API_KEY","projectId":"visionclother","secret":"OPENROUTER_API_KEY","version":"4"}],"revision":"heavyapi-00001-gek","maxInstanceRequestConcurrency":80,"availableCpu":"1"},"state":"ACTIVE","updateTime":"2026-07-21T15:15:10.166318032Z","labels":{"deployment-tool":"cli-firebase","firebase-functions-hash":"b108be508965984e9cf613db5c90a7465a3106ae"},"environment":"GEN_2","url":"https://us-central1-visionclother.cloudfunctions.net/heavyApi","createTime":"2026-07-21T15:14:20.952066396Z","satisfiesPzi":true}]}
[info] i  extensions: ensuring required API firebaseextensions.googleapis.com is enabled... 
[debug] [2026-07-25T16:20:47.793Z] > command requires scopes: ["email","openid","https://www.googleapis.com/auth/cloudplatformprojects.readonly","https://www.googleapis.com/auth/firebase","https://www.googleapis.com/auth/cloud-platform"]
[debug] [2026-07-25T16:20:47.793Z] > authorizing via signed-in user (madhajaswanth@gmail.com)
[debug] [2026-07-25T16:20:47.793Z] [iam] checking project visionclother for permissions ["firebase.projects.get","firebaseextensions.instances.list"]
[debug] [2026-07-25T16:20:47.793Z] Checked if tokens are valid: true, expires at: 1784999000608
[debug] [2026-07-25T16:20:47.793Z] Checked if tokens are valid: true, expires at: 1784999000608
[debug] [2026-07-25T16:20:47.793Z] >>> [apiv2][query] POST https://cloudresourcemanager.googleapis.com/v1/projects/visionclother:testIamPermissions [none]
[debug] [2026-07-25T16:20:47.793Z] >>> [apiv2][(partial)header] POST https://cloudresourcemanager.googleapis.com/v1/projects/visionclother:testIamPermissions  x-goog-user-project=visionclother
[debug] [2026-07-25T16:20:47.793Z] >>> [apiv2][body] POST https://cloudresourcemanager.googleapis.com/v1/projects/visionclother:testIamPermissions {"permissions":["firebase.projects.get","firebaseextensions.instances.list"]}
[debug] [2026-07-25T16:20:47.945Z] <<< [apiv2][status] POST https://cloudresourcemanager.googleapis.com/v1/projects/visionclother:testIamPermissions 200
[debug] [2026-07-25T16:20:47.946Z] <<< [apiv2][body] POST https://cloudresourcemanager.googleapis.com/v1/projects/visionclother:testIamPermissions {"permissions":["firebase.projects.get","firebaseextensions.instances.list"]}
[debug] [2026-07-25T16:20:47.947Z] Checked if tokens are valid: true, expires at: 1784999000608
[debug] [2026-07-25T16:20:47.948Z] Checked if tokens are valid: true, expires at: 1784999000608
[debug] [2026-07-25T16:20:47.950Z] >>> [apiv2][query] GET https://firebaseextensions.googleapis.com/v1beta/projects/visionclother/instances pageSize=100&pageToken=
[debug] [2026-07-25T16:20:48.223Z] <<< [apiv2][status] GET https://firebaseextensions.googleapis.com/v1beta/projects/visionclother/instances 200
[debug] [2026-07-25T16:20:48.223Z] <<< [apiv2][body] GET https://firebaseextensions.googleapis.com/v1beta/projects/visionclother/instances {}
[info] i  functions: Loaded environment variables from .env. 
[debug] [2026-07-25T16:20:48.228Z] Checked if tokens are valid: true, expires at: 1784999000608
[debug] [2026-07-25T16:20:48.229Z] Checked if tokens are valid: true, expires at: 1784999000608
[debug] [2026-07-25T16:20:48.229Z] >>> [apiv2][query] GET https://secretmanager.googleapis.com/v1/projects/visionclother/secrets/OPENROUTER_API_KEY [none]
[debug] [2026-07-25T16:20:48.530Z] <<< [apiv2][status] GET https://secretmanager.googleapis.com/v1/projects/visionclother/secrets/OPENROUTER_API_KEY 200
[debug] [2026-07-25T16:20:48.531Z] <<< [apiv2][body] GET https://secretmanager.googleapis.com/v1/projects/visionclother/secrets/OPENROUTER_API_KEY {"name":"projects/1008598090428/secrets/OPENROUTER_API_KEY","replication":{"automatic":{}},"createTime":"2026-07-17T18:30:00.489892Z","labels":{"firebase-managed":"functions"},"etag":"\"1656d2be90a2aa\""}
[debug] [2026-07-25T16:20:48.531Z] Checked if tokens are valid: true, expires at: 1784999000608
[debug] [2026-07-25T16:20:48.532Z] Checked if tokens are valid: true, expires at: 1784999000608
[debug] [2026-07-25T16:20:48.532Z] >>> [apiv2][query] GET https://secretmanager.googleapis.com/v1/projects/visionclother/secrets/OPENROUTER_API_KEY/versions/latest [none]
[debug] [2026-07-25T16:20:48.608Z] <<< [apiv2][status] GET https://secretmanager.googleapis.com/v1/projects/visionclother/secrets/OPENROUTER_API_KEY/versions/latest 200
[debug] [2026-07-25T16:20:48.608Z] <<< [apiv2][body] GET https://secretmanager.googleapis.com/v1/projects/visionclother/secrets/OPENROUTER_API_KEY/versions/latest {"name":"projects/1008598090428/secrets/OPENROUTER_API_KEY/versions/4","createTime":"2026-07-17T19:04:24.207035Z","state":"ENABLED","replicationStatus":{"automatic":{}},"etag":"\"1656d33991c6bb\""}
[debug] [2026-07-25T16:20:48.609Z] Checked if tokens are valid: true, expires at: 1784999000608
[debug] [2026-07-25T16:20:48.609Z] Checked if tokens are valid: true, expires at: 1784999000608
[debug] [2026-07-25T16:20:48.609Z] >>> [apiv2][query] GET https://secretmanager.googleapis.com/v1/projects/visionclother/secrets/PEXELS_API_KEY [none]
[debug] [2026-07-25T16:20:48.691Z] <<< [apiv2][status] GET https://secretmanager.googleapis.com/v1/projects/visionclother/secrets/PEXELS_API_KEY 200
[debug] [2026-07-25T16:20:48.691Z] <<< [apiv2][body] GET https://secretmanager.googleapis.com/v1/projects/visionclother/secrets/PEXELS_API_KEY {"name":"projects/1008598090428/secrets/PEXELS_API_KEY","replication":{"automatic":{}},"createTime":"2026-07-17T18:30:22.015132Z","labels":{"firebase-managed":"functions"},"etag":"\"1656d2bfd8f6f8\""}
[debug] [2026-07-25T16:20:48.692Z] Checked if tokens are valid: true, expires at: 1784999000608
[debug] [2026-07-25T16:20:48.692Z] Checked if tokens are valid: true, expires at: 1784999000608
[debug] [2026-07-25T16:20:48.692Z] >>> [apiv2][query] GET https://secretmanager.googleapis.com/v1/projects/visionclother/secrets/PEXELS_API_KEY/versions/latest [none]
[debug] [2026-07-25T16:20:48.834Z] <<< [apiv2][status] GET https://secretmanager.googleapis.com/v1/projects/visionclother/secrets/PEXELS_API_KEY/versions/latest 200
[debug] [2026-07-25T16:20:48.834Z] <<< [apiv2][body] GET https://secretmanager.googleapis.com/v1/projects/visionclother/secrets/PEXELS_API_KEY/versions/latest {"name":"projects/1008598090428/secrets/PEXELS_API_KEY/versions/3","createTime":"2026-07-17T18:51:46.739465Z","state":"ENABLED","replicationStatus":{"automatic":{}},"etag":"\"1656d30c6bbd09\""}
[info] i  functions: preparing functions directory for uploading... 
[info] i  functions: packaged /Users/jaswanth/mydocs/ios-apps/vision_clother/backend/functions (131.15 KB) for uploading 
[debug] [2026-07-25T16:20:48.871Z] Looking up bucket region for the storage event trigger
[debug] [2026-07-25T16:20:48.872Z] Looking up bucket region for the storage event trigger on bucket visionclother.firebasestorage.app
[debug] [2026-07-25T16:20:48.872Z] Checked if tokens are valid: true, expires at: 1784999000608
[debug] [2026-07-25T16:20:48.872Z] Checked if tokens are valid: true, expires at: 1784999000608
[debug] [2026-07-25T16:20:48.872Z] >>> [apiv2][query] GET https://storage.googleapis.com/storage/v1/b/visionclother.firebasestorage.app [none]
[debug] [2026-07-25T16:20:49.006Z] <<< [apiv2][status] GET https://storage.googleapis.com/storage/v1/b/visionclother.firebasestorage.app 200
[debug] [2026-07-25T16:20:49.006Z] <<< [apiv2][body] GET https://storage.googleapis.com/storage/v1/b/visionclother.firebasestorage.app {"kind":"storage#bucket","selfLink":"https://www.googleapis.com/storage/v1/b/visionclother.firebasestorage.app","id":"visionclother.firebasestorage.app","name":"visionclother.firebasestorage.app","projectNumber":"1008598090428","generation":"1784233279665716105","metageneration":"1","location":"US-CENTRAL1","storageClass":"REGIONAL","etag":"CAE=","timeCreated":"2026-07-16T20:21:19.743Z","updated":"2026-07-16T20:21:19.743Z","softDeletePolicy":{"retentionDurationSeconds":"604800","effectiveTime":"2026-07-16T20:21:19.743Z"},"iamConfiguration":{"bucketPolicyOnly":{"enabled":false},"uniformBucketLevelAccess":{"enabled":false},"publicAccessPrevention":"inherited"},"locationType":"region","satisfiesPZI":true}
[debug] [2026-07-25T16:20:49.006Z] Setting the event trigger region to us-central1 .
[info] i  functions: ensuring required API run.googleapis.com is enabled... 
[info] i  functions: ensuring required API eventarc.googleapis.com is enabled... 
[info] i  functions: ensuring required API pubsub.googleapis.com is enabled... 
[info] i  functions: ensuring required API storage.googleapis.com is enabled... 
[info] i  functions: generating the service identity for pubsub.googleapis.com... 
[debug] [2026-07-25T16:20:49.008Z] Checked if tokens are valid: true, expires at: 1784999000608
[debug] [2026-07-25T16:20:49.008Z] Checked if tokens are valid: true, expires at: 1784999000608
[info] i  functions: generating the service identity for eventarc.googleapis.com... 
[debug] [2026-07-25T16:20:49.008Z] Checked if tokens are valid: true, expires at: 1784999000608
[debug] [2026-07-25T16:20:49.008Z] Checked if tokens are valid: true, expires at: 1784999000608
[debug] [2026-07-25T16:20:49.008Z] >>> [apiv2][query] POST https://serviceusage.googleapis.com/v1beta1/projects/1008598090428/services/pubsub.googleapis.com:generateServiceIdentity [none]
[debug] [2026-07-25T16:20:49.008Z] >>> [apiv2][(partial)header] POST https://serviceusage.googleapis.com/v1beta1/projects/1008598090428/services/pubsub.googleapis.com:generateServiceIdentity  x-goog-user-project=1008598090428
[debug] [2026-07-25T16:20:49.008Z] >>> [apiv2][body] POST https://serviceusage.googleapis.com/v1beta1/projects/1008598090428/services/pubsub.googleapis.com:generateServiceIdentity {}
[debug] [2026-07-25T16:20:49.009Z] >>> [apiv2][query] POST https://serviceusage.googleapis.com/v1beta1/projects/1008598090428/services/eventarc.googleapis.com:generateServiceIdentity [none]
[debug] [2026-07-25T16:20:49.009Z] >>> [apiv2][(partial)header] POST https://serviceusage.googleapis.com/v1beta1/projects/1008598090428/services/eventarc.googleapis.com:generateServiceIdentity  x-goog-user-project=1008598090428
[debug] [2026-07-25T16:20:49.009Z] >>> [apiv2][body] POST https://serviceusage.googleapis.com/v1beta1/projects/1008598090428/services/eventarc.googleapis.com:generateServiceIdentity {}
[debug] [2026-07-25T16:20:49.316Z] <<< [apiv2][status] POST https://serviceusage.googleapis.com/v1beta1/projects/1008598090428/services/pubsub.googleapis.com:generateServiceIdentity 200
[debug] [2026-07-25T16:20:49.316Z] <<< [apiv2][body] POST https://serviceusage.googleapis.com/v1beta1/projects/1008598090428/services/pubsub.googleapis.com:generateServiceIdentity {"name":"operations/finished.DONE_OPERATION","done":true,"response":{"@type":"type.googleapis.com/google.api.serviceusage.v1beta1.ServiceIdentity","email":"service-1008598090428@gcp-sa-pubsub.iam.gserviceaccount.com","uniqueId":"111164257772518881339"}}
[debug] [2026-07-25T16:20:49.404Z] <<< [apiv2][status] POST https://serviceusage.googleapis.com/v1beta1/projects/1008598090428/services/eventarc.googleapis.com:generateServiceIdentity 200
[debug] [2026-07-25T16:20:49.404Z] <<< [apiv2][body] POST https://serviceusage.googleapis.com/v1beta1/projects/1008598090428/services/eventarc.googleapis.com:generateServiceIdentity {"name":"operations/finished.DONE_OPERATION","done":true,"response":{"@type":"type.googleapis.com/google.api.serviceusage.v1beta1.ServiceIdentity","email":"service-1008598090428@gcp-sa-eventarc.iam.gserviceaccount.com","uniqueId":"100071236359828977967"}}
[info] i  functions: ensuring required API secretmanager.googleapis.com is enabled... 
[debug] [2026-07-25T16:20:49.407Z] Checked if tokens are valid: true, expires at: 1784999000608
[debug] [2026-07-25T16:20:49.407Z] Checked if tokens are valid: true, expires at: 1784999000608
[debug] [2026-07-25T16:20:49.407Z] Checked if tokens are valid: true, expires at: 1784999000608
[debug] [2026-07-25T16:20:49.407Z] Checked if tokens are valid: true, expires at: 1784999000608
[debug] [2026-07-25T16:20:49.407Z] >>> [apiv2][query] GET https://secretmanager.googleapis.com/v1/projects/visionclother/secrets/OPENROUTER_API_KEY/versions/latest [none]
[debug] [2026-07-25T16:20:49.408Z] >>> [apiv2][query] GET https://secretmanager.googleapis.com/v1/projects/visionclother/secrets/PEXELS_API_KEY/versions/latest [none]
[debug] [2026-07-25T16:20:49.472Z] <<< [apiv2][status] GET https://secretmanager.googleapis.com/v1/projects/visionclother/secrets/OPENROUTER_API_KEY/versions/latest 200
[debug] [2026-07-25T16:20:49.472Z] <<< [apiv2][body] GET https://secretmanager.googleapis.com/v1/projects/visionclother/secrets/OPENROUTER_API_KEY/versions/latest {"name":"projects/1008598090428/secrets/OPENROUTER_API_KEY/versions/4","createTime":"2026-07-17T19:04:24.207035Z","state":"ENABLED","replicationStatus":{"automatic":{}},"etag":"\"1656d33991c6bb\""}
[debug] [2026-07-25T16:20:49.472Z] Resolved secret version of OPENROUTER_API_KEY to 4.
[debug] [2026-07-25T16:20:49.615Z] <<< [apiv2][status] GET https://secretmanager.googleapis.com/v1/projects/visionclother/secrets/PEXELS_API_KEY/versions/latest 200
[debug] [2026-07-25T16:20:49.616Z] <<< [apiv2][body] GET https://secretmanager.googleapis.com/v1/projects/visionclother/secrets/PEXELS_API_KEY/versions/latest {"name":"projects/1008598090428/secrets/PEXELS_API_KEY/versions/3","createTime":"2026-07-17T18:51:46.739465Z","state":"ENABLED","replicationStatus":{"automatic":{}},"etag":"\"1656d30c6bbd09\""}
[debug] [2026-07-25T16:20:49.616Z] Resolved secret version of PEXELS_API_KEY to 3.
[debug] [2026-07-25T16:20:49.617Z] Checked if tokens are valid: true, expires at: 1784999000608
[debug] [2026-07-25T16:20:49.617Z] Checked if tokens are valid: true, expires at: 1784999000608
[debug] [2026-07-25T16:20:49.617Z] >>> [apiv2][query] GET https://storage.googleapis.com/storage/v1/projects/1008598090428/serviceAccount [none]
[debug] [2026-07-25T16:20:49.766Z] <<< [apiv2][status] GET https://storage.googleapis.com/storage/v1/projects/1008598090428/serviceAccount 200
[debug] [2026-07-25T16:20:49.766Z] <<< [apiv2][body] GET https://storage.googleapis.com/storage/v1/projects/1008598090428/serviceAccount {"kind":"storage#serviceAccount","email_address":"service-1008598090428@gs-project-accounts.iam.gserviceaccount.com"}
[debug] [2026-07-25T16:20:49.766Z] Checked if tokens are valid: true, expires at: 1784999000608
[debug] [2026-07-25T16:20:49.766Z] Checked if tokens are valid: true, expires at: 1784999000608
[debug] [2026-07-25T16:20:49.766Z] >>> [apiv2][query] GET https://compute.googleapis.com/compute/v1/projects/1008598090428 [none]
[debug] [2026-07-25T16:20:49.959Z] <<< [apiv2][status] GET https://compute.googleapis.com/compute/v1/projects/1008598090428 403
[debug] [2026-07-25T16:20:49.959Z] <<< [apiv2][body] GET https://compute.googleapis.com/compute/v1/projects/1008598090428 {"error":{"code":403,"message":"Compute Engine API has not been used in project 1008598090428 before or it is disabled. Enable it by visiting https://console.developers.google.com/apis/api/compute.googleapis.com/overview?project=1008598090428 then retry. If you enabled this API recently, wait a few minutes for the action to propagate to our systems and retry.","errors":[{"message":"Compute Engine API has not been used in project 1008598090428 before or it is disabled. Enable it by visiting https://console.developers.google.com/apis/api/compute.googleapis.com/overview?project=1008598090428 then retry. If you enabled this API recently, wait a few minutes for the action to propagate to our systems and retry.","domain":"usageLimits","reason":"accessNotConfigured","extendedHelp":"https://console.developers.google.com"}],"status":"PERMISSION_DENIED","details":[{"@type":"type.googleapis.com/google.rpc.ErrorInfo","reason":"SERVICE_DISABLED","domain":"googleapis.com","metadata":{"activationUrl":"https://console.developers.google.com/apis/api/compute.googleapis.com/overview?project=1008598090428","containerInfo":"1008598090428","service":"compute.googleapis.com","consumer":"projects/1008598090428","serviceTitle":"Compute Engine API"}},{"@type":"type.googleapis.com/google.rpc.LocalizedMessage","locale":"en-US","message":"Compute Engine API has not been used in project 1008598090428 before or it is disabled. Enable it by visiting https://console.developers.google.com/apis/api/compute.googleapis.com/overview?project=1008598090428 then retry. If you enabled this API recently, wait a few minutes for the action to propagate to our systems and retry."},{"@type":"type.googleapis.com/google.rpc.Help","links":[{"description":"Google developers console API activation","url":"https://console.developers.google.com/apis/api/compute.googleapis.com/overview?project=1008598090428"}]}]}}
[debug] [2026-07-25T16:20:49.960Z] unable to look up default compute service account. Falling back to 1008598090428-compute@developer.gserviceaccount.com. Error: {"name":"FirebaseError","children":[],"context":{"body":{"error":{"code":403,"message":"Compute Engine API has not been used in project 1008598090428 before or it is disabled. Enable it by visiting https://console.developers.google.com/apis/api/compute.googleapis.com/overview?project=1008598090428 then retry. If you enabled this API recently, wait a few minutes for the action to propagate to our systems and retry.","errors":[{"message":"Compute Engine API has not been used in project 1008598090428 before or it is disabled. Enable it by visiting https://console.developers.google.com/apis/api/compute.googleapis.com/overview?project=1008598090428 then retry. If you enabled this API recently, wait a few minutes for the action to propagate to our systems and retry.","domain":"usageLimits","reason":"accessNotConfigured","extendedHelp":"https://console.developers.google.com"}],"status":"PERMISSION_DENIED","details":[{"@type":"type.googleapis.com/google.rpc.ErrorInfo","reason":"SERVICE_DISABLED","domain":"googleapis.com","metadata":{"activationUrl":"https://console.developers.google.com/apis/api/compute.googleapis.com/overview?project=1008598090428","containerInfo":"1008598090428","service":"compute.googleapis.com","consumer":"projects/1008598090428","serviceTitle":"Compute Engine API"}},{"@type":"type.googleapis.com/google.rpc.LocalizedMessage","locale":"en-US","message":"Compute Engine API has not been used in project 1008598090428 before or it is disabled. Enable it by visiting https://console.developers.google.com/apis/api/compute.googleapis.com/overview?project=1008598090428 then retry. If you enabled this API recently, wait a few minutes for the action to propagate to our systems and retry."},{"@type":"type.googleapis.com/google.rpc.Help","links":[{"description":"Google developers console API activation","url":"https://console.developers.google.com/apis/api/compute.googleapis.com/overview?project=1008598090428"}]}]}},"response":{"statusCode":403}},"exit":1,"message":"Request to https://compute.googleapis.com/compute/v1/projects/1008598090428 had HTTP Error: 403, Compute Engine API has not been used in project 1008598090428 before or it is disabled. Enable it by visiting https://console.developers.google.com/apis/api/compute.googleapis.com/overview?project=1008598090428 then retry. If you enabled this API recently, wait a few minutes for the action to propagate to our systems and retry.","status":403}
[debug] [2026-07-25T16:20:49.960Z] Checked if tokens are valid: true, expires at: 1784999000608
[debug] [2026-07-25T16:20:49.960Z] Checked if tokens are valid: true, expires at: 1784999000608
[debug] [2026-07-25T16:20:49.960Z] >>> [apiv2][query] POST https://cloudresourcemanager.googleapis.com/v1/projects/1008598090428:getIamPolicy [none]
[debug] [2026-07-25T16:20:50.134Z] <<< [apiv2][status] POST https://cloudresourcemanager.googleapis.com/v1/projects/1008598090428:getIamPolicy 200
[debug] [2026-07-25T16:20:50.134Z] <<< [apiv2][body] POST https://cloudresourcemanager.googleapis.com/v1/projects/1008598090428:getIamPolicy {"version":1,"etag":"BwZW0ssI4Gw=","bindings":[{"role":"roles/artifactregistry.serviceAgent","members":["serviceAccount:service-1008598090428@gcp-sa-artifactregistry.iam.gserviceaccount.com"]},{"role":"roles/cloudbuild.builds.builder","members":["serviceAccount:1008598090428@cloudbuild.gserviceaccount.com"]},{"role":"roles/cloudbuild.serviceAgent","members":["serviceAccount:service-1008598090428@gcp-sa-cloudbuild.iam.gserviceaccount.com"]},{"role":"roles/cloudfunctions.serviceAgent","members":["serviceAccount:service-1008598090428@gcf-admin-robot.iam.gserviceaccount.com"]},{"role":"roles/containerregistry.ServiceAgent","members":["serviceAccount:service-1008598090428@containerregistry.iam.gserviceaccount.com"]},{"role":"roles/editor","members":["serviceAccount:1008598090428-compute@developer.gserviceaccount.com","serviceAccount:1008598090428@cloudservices.gserviceaccount.com","serviceAccount:visionclother@appspot.gserviceaccount.com"]},{"role":"roles/firebase.managementServiceAgent","members":["serviceAccount:service-1008598090428@gcp-sa-firebase.iam.gserviceaccount.com"]},{"role":"roles/firebase.sdkAdminServiceAgent","members":["serviceAccount:firebase-adminsdk-fbsvc@visionclother.iam.gserviceaccount.com"]},{"role":"roles/firebaseauth.admin","members":["serviceAccount:firebase-adminsdk-fbsvc@visionclother.iam.gserviceaccount.com"]},{"role":"roles/firebasemods.serviceAgent","members":["serviceAccount:service-1008598090428@gcp-sa-firebasemods.iam.gserviceaccount.com"]},{"role":"roles/firebaserules.system","members":["serviceAccount:service-1008598090428@firebase-rules.iam.gserviceaccount.com"]},{"role":"roles/firebasestorage.serviceAgent","members":["serviceAccount:service-1008598090428@gcp-sa-firebasestorage.iam.gserviceaccount.com"]},{"role":"roles/firestore.serviceAgent","members":["serviceAccount:service-1008598090428@gcp-sa-firestore.iam.gserviceaccount.com"]},{"role":"roles/iam.serviceAccountTokenCreator","members":["serviceAccount:firebase-adminsdk-fbsvc@visionclother.iam.gserviceaccount.com"]},{"role":"roles/owner","members":["user:madhajaswanth@gmail.com"]},{"role":"roles/run.serviceAgent","members":["serviceAccount:service-1008598090428@serverless-robot-prod.iam.gserviceaccount.com"]},{"role":"roles/storage.admin","members":["serviceAccount:firebase-adminsdk-fbsvc@visionclother.iam.gserviceaccount.com"]}]}
[debug] [2026-07-25T16:20:50.135Z] Checked if tokens are valid: true, expires at: 1784999000608
[debug] [2026-07-25T16:20:50.135Z] Checked if tokens are valid: true, expires at: 1784999000608
[debug] [2026-07-25T16:20:50.135Z] >>> [apiv2][query] POST https://cloudresourcemanager.googleapis.com/v1/projects/1008598090428:setIamPolicy [none]
[debug] [2026-07-25T16:20:50.135Z] >>> [apiv2][body] POST https://cloudresourcemanager.googleapis.com/v1/projects/1008598090428:setIamPolicy {"policy":{"version":1,"etag":"BwZW0ssI4Gw=","bindings":[{"role":"roles/artifactregistry.serviceAgent","members":["serviceAccount:service-1008598090428@gcp-sa-artifactregistry.iam.gserviceaccount.com"]},{"role":"roles/cloudbuild.builds.builder","members":["serviceAccount:1008598090428@cloudbuild.gserviceaccount.com"]},{"role":"roles/cloudbuild.serviceAgent","members":["serviceAccount:service-1008598090428@gcp-sa-cloudbuild.iam.gserviceaccount.com"]},{"role":"roles/cloudfunctions.serviceAgent","members":["serviceAccount:service-1008598090428@gcf-admin-robot.iam.gserviceaccount.com"]},{"role":"roles/containerregistry.ServiceAgent","members":["serviceAccount:service-1008598090428@containerregistry.iam.gserviceaccount.com"]},{"role":"roles/editor","members":["serviceAccount:1008598090428-compute@developer.gserviceaccount.com","serviceAccount:1008598090428@cloudservices.gserviceaccount.com","serviceAccount:visionclother@appspot.gserviceaccount.com"]},{"role":"roles/firebase.managementServiceAgent","members":["serviceAccount:service-1008598090428@gcp-sa-firebase.iam.gserviceaccount.com"]},{"role":"roles/firebase.sdkAdminServiceAgent","members":["serviceAccount:firebase-adminsdk-fbsvc@visionclother.iam.gserviceaccount.com"]},{"role":"roles/firebaseauth.admin","members":["serviceAccount:firebase-adminsdk-fbsvc@visionclother.iam.gserviceaccount.com"]},{"role":"roles/firebasemods.serviceAgent","members":["serviceAccount:service-1008598090428@gcp-sa-firebasemods.iam.gserviceaccount.com"]},{"role":"roles/firebaserules.system","members":["serviceAccount:service-1008598090428@firebase-rules.iam.gserviceaccount.com"]},{"role":"roles/firebasestorage.serviceAgent","members":["serviceAccount:service-1008598090428@gcp-sa-firebasestorage.iam.gserviceaccount.com"]},{"role":"roles/firestore.serviceAgent","members":["serviceAccount:service-1008598090428@gcp-sa-firestore.iam.gserviceaccount.com"]},{"role":"roles/iam.serviceAccountTokenCreator","members":["serviceAccount:firebase-adminsdk-fbsvc@visionclother.iam.gserviceaccount.com","serviceAccount:service-1008598090428@gcp-sa-pubsub.iam.gserviceaccount.com"]},{"role":"roles/owner","members":["user:madhajaswanth@gmail.com"]},{"role":"roles/run.serviceAgent","members":["serviceAccount:service-1008598090428@serverless-robot-prod.iam.gserviceaccount.com"]},{"role":"roles/storage.admin","members":["serviceAccount:firebase-adminsdk-fbsvc@visionclother.iam.gserviceaccount.com"]},{"role":"roles/pubsub.publisher","members":["serviceAccount:service-1008598090428@gs-project-accounts.iam.gserviceaccount.com"]},{"role":"roles/run.invoker","members":["serviceAccount:1008598090428-compute@developer.gserviceaccount.com"]},{"role":"roles/eventarc.eventReceiver","members":["serviceAccount:1008598090428-compute@developer.gserviceaccount.com"]}]},"updateMask":"bindings"}
[debug] [2026-07-25T16:20:50.651Z] <<< [apiv2][status] POST https://cloudresourcemanager.googleapis.com/v1/projects/1008598090428:setIamPolicy 200
[debug] [2026-07-25T16:20:50.651Z] <<< [apiv2][body] POST https://cloudresourcemanager.googleapis.com/v1/projects/1008598090428:setIamPolicy {"version":1,"etag":"BwZXcd9duQY=","bindings":[{"role":"roles/artifactregistry.serviceAgent","members":["serviceAccount:service-1008598090428@gcp-sa-artifactregistry.iam.gserviceaccount.com"]},{"role":"roles/cloudbuild.builds.builder","members":["serviceAccount:1008598090428@cloudbuild.gserviceaccount.com"]},{"role":"roles/cloudbuild.serviceAgent","members":["serviceAccount:service-1008598090428@gcp-sa-cloudbuild.iam.gserviceaccount.com"]},{"role":"roles/cloudfunctions.serviceAgent","members":["serviceAccount:service-1008598090428@gcf-admin-robot.iam.gserviceaccount.com"]},{"role":"roles/containerregistry.ServiceAgent","members":["serviceAccount:service-1008598090428@containerregistry.iam.gserviceaccount.com"]},{"role":"roles/editor","members":["serviceAccount:1008598090428-compute@developer.gserviceaccount.com","serviceAccount:1008598090428@cloudservices.gserviceaccount.com","serviceAccount:visionclother@appspot.gserviceaccount.com"]},{"role":"roles/eventarc.eventReceiver","members":["serviceAccount:1008598090428-compute@developer.gserviceaccount.com"]},{"role":"roles/firebase.managementServiceAgent","members":["serviceAccount:service-1008598090428@gcp-sa-firebase.iam.gserviceaccount.com"]},{"role":"roles/firebase.sdkAdminServiceAgent","members":["serviceAccount:firebase-adminsdk-fbsvc@visionclother.iam.gserviceaccount.com"]},{"role":"roles/firebaseauth.admin","members":["serviceAccount:firebase-adminsdk-fbsvc@visionclother.iam.gserviceaccount.com"]},{"role":"roles/firebasemods.serviceAgent","members":["serviceAccount:service-1008598090428@gcp-sa-firebasemods.iam.gserviceaccount.com"]},{"role":"roles/firebaserules.system","members":["serviceAccount:service-1008598090428@firebase-rules.iam.gserviceaccount.com"]},{"role":"roles/firebasestorage.serviceAgent","members":["serviceAccount:service-1008598090428@gcp-sa-firebasestorage.iam.gserviceaccount.com"]},{"role":"roles/firestore.serviceAgent","members":["serviceAccount:service-1008598090428@gcp-sa-firestore.iam.gserviceaccount.com"]},{"role":"roles/iam.serviceAccountTokenCreator","members":["serviceAccount:firebase-adminsdk-fbsvc@visionclother.iam.gserviceaccount.com","serviceAccount:service-1008598090428@gcp-sa-pubsub.iam.gserviceaccount.com"]},{"role":"roles/owner","members":["user:madhajaswanth@gmail.com"]},{"role":"roles/pubsub.publisher","members":["serviceAccount:service-1008598090428@gs-project-accounts.iam.gserviceaccount.com"]},{"role":"roles/run.invoker","members":["serviceAccount:1008598090428-compute@developer.gserviceaccount.com"]},{"role":"roles/run.serviceAgent","members":["serviceAccount:service-1008598090428@serverless-robot-prod.iam.gserviceaccount.com"]},{"role":"roles/storage.admin","members":["serviceAccount:firebase-adminsdk-fbsvc@visionclother.iam.gserviceaccount.com"]}]}
[debug] [2026-07-25T16:20:50.653Z] Checked if tokens are valid: true, expires at: 1784999000608
[debug] [2026-07-25T16:20:50.653Z] Checked if tokens are valid: true, expires at: 1784999000608
[debug] [2026-07-25T16:20:50.653Z] >>> [apiv2][query] GET https://cloudresourcemanager.googleapis.com/v1/projects/visionclother [none]
[debug] [2026-07-25T16:20:50.734Z] <<< [apiv2][status] GET https://cloudresourcemanager.googleapis.com/v1/projects/visionclother 200
[debug] [2026-07-25T16:20:50.735Z] <<< [apiv2][body] GET https://cloudresourcemanager.googleapis.com/v1/projects/visionclother {"projectNumber":"1008598090428","projectId":"visionclother","lifecycleState":"ACTIVE","name":"visionclother","labels":{"firebase":"enabled","firebase-core":"disabled"},"createTime":"2026-07-16T09:48:05.178Z"}
[debug] [2026-07-25T16:20:50.735Z] Checked if tokens are valid: true, expires at: 1784999000608
[debug] [2026-07-25T16:20:50.735Z] Checked if tokens are valid: true, expires at: 1784999000608
[debug] [2026-07-25T16:20:50.737Z] >>> [apiv2][query] GET https://compute.googleapis.com/compute/v1/projects/1008598090428 [none]
[debug] [2026-07-25T16:20:50.808Z] <<< [apiv2][status] GET https://compute.googleapis.com/compute/v1/projects/1008598090428 403
[debug] [2026-07-25T16:20:50.808Z] <<< [apiv2][body] GET https://compute.googleapis.com/compute/v1/projects/1008598090428 {"error":{"code":403,"message":"Compute Engine API has not been used in project 1008598090428 before or it is disabled. Enable it by visiting https://console.developers.google.com/apis/api/compute.googleapis.com/overview?project=1008598090428 then retry. If you enabled this API recently, wait a few minutes for the action to propagate to our systems and retry.","errors":[{"message":"Compute Engine API has not been used in project 1008598090428 before or it is disabled. Enable it by visiting https://console.developers.google.com/apis/api/compute.googleapis.com/overview?project=1008598090428 then retry. If you enabled this API recently, wait a few minutes for the action to propagate to our systems and retry.","domain":"usageLimits","reason":"accessNotConfigured","extendedHelp":"https://console.developers.google.com"}],"status":"PERMISSION_DENIED","details":[{"@type":"type.googleapis.com/google.rpc.ErrorInfo","reason":"SERVICE_DISABLED","domain":"googleapis.com","metadata":{"serviceTitle":"Compute Engine API","consumer":"projects/1008598090428","containerInfo":"1008598090428","activationUrl":"https://console.developers.google.com/apis/api/compute.googleapis.com/overview?project=1008598090428","service":"compute.googleapis.com"}},{"@type":"type.googleapis.com/google.rpc.LocalizedMessage","locale":"en-US","message":"Compute Engine API has not been used in project 1008598090428 before or it is disabled. Enable it by visiting https://console.developers.google.com/apis/api/compute.googleapis.com/overview?project=1008598090428 then retry. If you enabled this API recently, wait a few minutes for the action to propagate to our systems and retry."},{"@type":"type.googleapis.com/google.rpc.Help","links":[{"description":"Google developers console API activation","url":"https://console.developers.google.com/apis/api/compute.googleapis.com/overview?project=1008598090428"}]}]}}
[debug] [2026-07-25T16:20:50.809Z] unable to look up default compute service account. Falling back to 1008598090428-compute@developer.gserviceaccount.com. Error: {"name":"FirebaseError","children":[],"context":{"body":{"error":{"code":403,"message":"Compute Engine API has not been used in project 1008598090428 before or it is disabled. Enable it by visiting https://console.developers.google.com/apis/api/compute.googleapis.com/overview?project=1008598090428 then retry. If you enabled this API recently, wait a few minutes for the action to propagate to our systems and retry.","errors":[{"message":"Compute Engine API has not been used in project 1008598090428 before or it is disabled. Enable it by visiting https://console.developers.google.com/apis/api/compute.googleapis.com/overview?project=1008598090428 then retry. If you enabled this API recently, wait a few minutes for the action to propagate to our systems and retry.","domain":"usageLimits","reason":"accessNotConfigured","extendedHelp":"https://console.developers.google.com"}],"status":"PERMISSION_DENIED","details":[{"@type":"type.googleapis.com/google.rpc.ErrorInfo","reason":"SERVICE_DISABLED","domain":"googleapis.com","metadata":{"serviceTitle":"Compute Engine API","consumer":"projects/1008598090428","containerInfo":"1008598090428","activationUrl":"https://console.developers.google.com/apis/api/compute.googleapis.com/overview?project=1008598090428","service":"compute.googleapis.com"}},{"@type":"type.googleapis.com/google.rpc.LocalizedMessage","locale":"en-US","message":"Compute Engine API has not been used in project 1008598090428 before or it is disabled. Enable it by visiting https://console.developers.google.com/apis/api/compute.googleapis.com/overview?project=1008598090428 then retry. If you enabled this API recently, wait a few minutes for the action to propagate to our systems and retry."},{"@type":"type.googleapis.com/google.rpc.Help","links":[{"description":"Google developers console API activation","url":"https://console.developers.google.com/apis/api/compute.googleapis.com/overview?project=1008598090428"}]}]}},"response":{"statusCode":403}},"exit":1,"message":"Request to https://compute.googleapis.com/compute/v1/projects/1008598090428 had HTTP Error: 403, Compute Engine API has not been used in project 1008598090428 before or it is disabled. Enable it by visiting https://console.developers.google.com/apis/api/compute.googleapis.com/overview?project=1008598090428 then retry. If you enabled this API recently, wait a few minutes for the action to propagate to our systems and retry.","status":403}
[debug] [2026-07-25T16:20:50.809Z] Checked if tokens are valid: true, expires at: 1784999000608
[debug] [2026-07-25T16:20:50.809Z] Checked if tokens are valid: true, expires at: 1784999000608
[debug] [2026-07-25T16:20:50.809Z] >>> [apiv2][query] GET https://compute.googleapis.com/compute/v1/projects/1008598090428 [none]
[debug] [2026-07-25T16:20:50.901Z] <<< [apiv2][status] GET https://compute.googleapis.com/compute/v1/projects/1008598090428 403
[debug] [2026-07-25T16:20:50.901Z] <<< [apiv2][body] GET https://compute.googleapis.com/compute/v1/projects/1008598090428 {"error":{"code":403,"message":"Compute Engine API has not been used in project 1008598090428 before or it is disabled. Enable it by visiting https://console.developers.google.com/apis/api/compute.googleapis.com/overview?project=1008598090428 then retry. If you enabled this API recently, wait a few minutes for the action to propagate to our systems and retry.","errors":[{"message":"Compute Engine API has not been used in project 1008598090428 before or it is disabled. Enable it by visiting https://console.developers.google.com/apis/api/compute.googleapis.com/overview?project=1008598090428 then retry. If you enabled this API recently, wait a few minutes for the action to propagate to our systems and retry.","domain":"usageLimits","reason":"accessNotConfigured","extendedHelp":"https://console.developers.google.com"}],"status":"PERMISSION_DENIED","details":[{"@type":"type.googleapis.com/google.rpc.ErrorInfo","reason":"SERVICE_DISABLED","domain":"googleapis.com","metadata":{"consumer":"projects/1008598090428","containerInfo":"1008598090428","activationUrl":"https://console.developers.google.com/apis/api/compute.googleapis.com/overview?project=1008598090428","serviceTitle":"Compute Engine API","service":"compute.googleapis.com"}},{"@type":"type.googleapis.com/google.rpc.LocalizedMessage","locale":"en-US","message":"Compute Engine API has not been used in project 1008598090428 before or it is disabled. Enable it by visiting https://console.developers.google.com/apis/api/compute.googleapis.com/overview?project=1008598090428 then retry. If you enabled this API recently, wait a few minutes for the action to propagate to our systems and retry."},{"@type":"type.googleapis.com/google.rpc.Help","links":[{"description":"Google developers console API activation","url":"https://console.developers.google.com/apis/api/compute.googleapis.com/overview?project=1008598090428"}]}]}}
[debug] [2026-07-25T16:20:50.901Z] unable to look up default compute service account. Falling back to 1008598090428-compute@developer.gserviceaccount.com. Error: {"name":"FirebaseError","children":[],"context":{"body":{"error":{"code":403,"message":"Compute Engine API has not been used in project 1008598090428 before or it is disabled. Enable it by visiting https://console.developers.google.com/apis/api/compute.googleapis.com/overview?project=1008598090428 then retry. If you enabled this API recently, wait a few minutes for the action to propagate to our systems and retry.","errors":[{"message":"Compute Engine API has not been used in project 1008598090428 before or it is disabled. Enable it by visiting https://console.developers.google.com/apis/api/compute.googleapis.com/overview?project=1008598090428 then retry. If you enabled this API recently, wait a few minutes for the action to propagate to our systems and retry.","domain":"usageLimits","reason":"accessNotConfigured","extendedHelp":"https://console.developers.google.com"}],"status":"PERMISSION_DENIED","details":[{"@type":"type.googleapis.com/google.rpc.ErrorInfo","reason":"SERVICE_DISABLED","domain":"googleapis.com","metadata":{"consumer":"projects/1008598090428","containerInfo":"1008598090428","activationUrl":"https://console.developers.google.com/apis/api/compute.googleapis.com/overview?project=1008598090428","serviceTitle":"Compute Engine API","service":"compute.googleapis.com"}},{"@type":"type.googleapis.com/google.rpc.LocalizedMessage","locale":"en-US","message":"Compute Engine API has not been used in project 1008598090428 before or it is disabled. Enable it by visiting https://console.developers.google.com/apis/api/compute.googleapis.com/overview?project=1008598090428 then retry. If you enabled this API recently, wait a few minutes for the action to propagate to our systems and retry."},{"@type":"type.googleapis.com/google.rpc.Help","links":[{"description":"Google developers console API activation","url":"https://console.developers.google.com/apis/api/compute.googleapis.com/overview?project=1008598090428"}]}]}},"response":{"statusCode":403}},"exit":1,"message":"Request to https://compute.googleapis.com/compute/v1/projects/1008598090428 had HTTP Error: 403, Compute Engine API has not been used in project 1008598090428 before or it is disabled. Enable it by visiting https://console.developers.google.com/apis/api/compute.googleapis.com/overview?project=1008598090428 then retry. If you enabled this API recently, wait a few minutes for the action to propagate to our systems and retry.","status":403}
[debug] [2026-07-25T16:20:50.902Z] Checked if tokens are valid: true, expires at: 1784999000608
[debug] [2026-07-25T16:20:50.902Z] Checked if tokens are valid: true, expires at: 1784999000608
[debug] [2026-07-25T16:20:50.902Z] >>> [apiv2][query] GET https://compute.googleapis.com/compute/v1/projects/1008598090428 [none]
[debug] [2026-07-25T16:20:50.959Z] <<< [apiv2][status] GET https://compute.googleapis.com/compute/v1/projects/1008598090428 403
[debug] [2026-07-25T16:20:50.960Z] <<< [apiv2][body] GET https://compute.googleapis.com/compute/v1/projects/1008598090428 {"error":{"code":403,"message":"Compute Engine API has not been used in project 1008598090428 before or it is disabled. Enable it by visiting https://console.developers.google.com/apis/api/compute.googleapis.com/overview?project=1008598090428 then retry. If you enabled this API recently, wait a few minutes for the action to propagate to our systems and retry.","errors":[{"message":"Compute Engine API has not been used in project 1008598090428 before or it is disabled. Enable it by visiting https://console.developers.google.com/apis/api/compute.googleapis.com/overview?project=1008598090428 then retry. If you enabled this API recently, wait a few minutes for the action to propagate to our systems and retry.","domain":"usageLimits","reason":"accessNotConfigured","extendedHelp":"https://console.developers.google.com"}],"status":"PERMISSION_DENIED","details":[{"@type":"type.googleapis.com/google.rpc.ErrorInfo","reason":"SERVICE_DISABLED","domain":"googleapis.com","metadata":{"containerInfo":"1008598090428","service":"compute.googleapis.com","serviceTitle":"Compute Engine API","consumer":"projects/1008598090428","activationUrl":"https://console.developers.google.com/apis/api/compute.googleapis.com/overview?project=1008598090428"}},{"@type":"type.googleapis.com/google.rpc.LocalizedMessage","locale":"en-US","message":"Compute Engine API has not been used in project 1008598090428 before or it is disabled. Enable it by visiting https://console.developers.google.com/apis/api/compute.googleapis.com/overview?project=1008598090428 then retry. If you enabled this API recently, wait a few minutes for the action to propagate to our systems and retry."},{"@type":"type.googleapis.com/google.rpc.Help","links":[{"description":"Google developers console API activation","url":"https://console.developers.google.com/apis/api/compute.googleapis.com/overview?project=1008598090428"}]}]}}
[debug] [2026-07-25T16:20:50.960Z] unable to look up default compute service account. Falling back to 1008598090428-compute@developer.gserviceaccount.com. Error: {"name":"FirebaseError","children":[],"context":{"body":{"error":{"code":403,"message":"Compute Engine API has not been used in project 1008598090428 before or it is disabled. Enable it by visiting https://console.developers.google.com/apis/api/compute.googleapis.com/overview?project=1008598090428 then retry. If you enabled this API recently, wait a few minutes for the action to propagate to our systems and retry.","errors":[{"message":"Compute Engine API has not been used in project 1008598090428 before or it is disabled. Enable it by visiting https://console.developers.google.com/apis/api/compute.googleapis.com/overview?project=1008598090428 then retry. If you enabled this API recently, wait a few minutes for the action to propagate to our systems and retry.","domain":"usageLimits","reason":"accessNotConfigured","extendedHelp":"https://console.developers.google.com"}],"status":"PERMISSION_DENIED","details":[{"@type":"type.googleapis.com/google.rpc.ErrorInfo","reason":"SERVICE_DISABLED","domain":"googleapis.com","metadata":{"containerInfo":"1008598090428","service":"compute.googleapis.com","serviceTitle":"Compute Engine API","consumer":"projects/1008598090428","activationUrl":"https://console.developers.google.com/apis/api/compute.googleapis.com/overview?project=1008598090428"}},{"@type":"type.googleapis.com/google.rpc.LocalizedMessage","locale":"en-US","message":"Compute Engine API has not been used in project 1008598090428 before or it is disabled. Enable it by visiting https://console.developers.google.com/apis/api/compute.googleapis.com/overview?project=1008598090428 then retry. If you enabled this API recently, wait a few minutes for the action to propagate to our systems and retry."},{"@type":"type.googleapis.com/google.rpc.Help","links":[{"description":"Google developers console API activation","url":"https://console.developers.google.com/apis/api/compute.googleapis.com/overview?project=1008598090428"}]}]}},"response":{"statusCode":403}},"exit":1,"message":"Request to https://compute.googleapis.com/compute/v1/projects/1008598090428 had HTTP Error: 403, Compute Engine API has not been used in project 1008598090428 before or it is disabled. Enable it by visiting https://console.developers.google.com/apis/api/compute.googleapis.com/overview?project=1008598090428 then retry. If you enabled this API recently, wait a few minutes for the action to propagate to our systems and retry.","status":403}
[debug] [2026-07-25T16:20:50.960Z] Checked if tokens are valid: true, expires at: 1784999000608
[debug] [2026-07-25T16:20:50.960Z] Checked if tokens are valid: true, expires at: 1784999000608
[debug] [2026-07-25T16:20:50.960Z] >>> [apiv2][query] GET https://compute.googleapis.com/compute/v1/projects/1008598090428 [none]
[debug] [2026-07-25T16:20:51.020Z] <<< [apiv2][status] GET https://compute.googleapis.com/compute/v1/projects/1008598090428 403
[debug] [2026-07-25T16:20:51.020Z] <<< [apiv2][body] GET https://compute.googleapis.com/compute/v1/projects/1008598090428 {"error":{"code":403,"message":"Compute Engine API has not been used in project 1008598090428 before or it is disabled. Enable it by visiting https://console.developers.google.com/apis/api/compute.googleapis.com/overview?project=1008598090428 then retry. If you enabled this API recently, wait a few minutes for the action to propagate to our systems and retry.","errors":[{"message":"Compute Engine API has not been used in project 1008598090428 before or it is disabled. Enable it by visiting https://console.developers.google.com/apis/api/compute.googleapis.com/overview?project=1008598090428 then retry. If you enabled this API recently, wait a few minutes for the action to propagate to our systems and retry.","domain":"usageLimits","reason":"accessNotConfigured","extendedHelp":"https://console.developers.google.com"}],"status":"PERMISSION_DENIED","details":[{"@type":"type.googleapis.com/google.rpc.ErrorInfo","reason":"SERVICE_DISABLED","domain":"googleapis.com","metadata":{"serviceTitle":"Compute Engine API","service":"compute.googleapis.com","activationUrl":"https://console.developers.google.com/apis/api/compute.googleapis.com/overview?project=1008598090428","consumer":"projects/1008598090428","containerInfo":"1008598090428"}},{"@type":"type.googleapis.com/google.rpc.LocalizedMessage","locale":"en-US","message":"Compute Engine API has not been used in project 1008598090428 before or it is disabled. Enable it by visiting https://console.developers.google.com/apis/api/compute.googleapis.com/overview?project=1008598090428 then retry. If you enabled this API recently, wait a few minutes for the action to propagate to our systems and retry."},{"@type":"type.googleapis.com/google.rpc.Help","links":[{"description":"Google developers console API activation","url":"https://console.developers.google.com/apis/api/compute.googleapis.com/overview?project=1008598090428"}]}]}}
[debug] [2026-07-25T16:20:51.021Z] unable to look up default compute service account. Falling back to 1008598090428-compute@developer.gserviceaccount.com. Error: {"name":"FirebaseError","children":[],"context":{"body":{"error":{"code":403,"message":"Compute Engine API has not been used in project 1008598090428 before or it is disabled. Enable it by visiting https://console.developers.google.com/apis/api/compute.googleapis.com/overview?project=1008598090428 then retry. If you enabled this API recently, wait a few minutes for the action to propagate to our systems and retry.","errors":[{"message":"Compute Engine API has not been used in project 1008598090428 before or it is disabled. Enable it by visiting https://console.developers.google.com/apis/api/compute.googleapis.com/overview?project=1008598090428 then retry. If you enabled this API recently, wait a few minutes for the action to propagate to our systems and retry.","domain":"usageLimits","reason":"accessNotConfigured","extendedHelp":"https://console.developers.google.com"}],"status":"PERMISSION_DENIED","details":[{"@type":"type.googleapis.com/google.rpc.ErrorInfo","reason":"SERVICE_DISABLED","domain":"googleapis.com","metadata":{"serviceTitle":"Compute Engine API","service":"compute.googleapis.com","activationUrl":"https://console.developers.google.com/apis/api/compute.googleapis.com/overview?project=1008598090428","consumer":"projects/1008598090428","containerInfo":"1008598090428"}},{"@type":"type.googleapis.com/google.rpc.LocalizedMessage","locale":"en-US","message":"Compute Engine API has not been used in project 1008598090428 before or it is disabled. Enable it by visiting https://console.developers.google.com/apis/api/compute.googleapis.com/overview?project=1008598090428 then retry. If you enabled this API recently, wait a few minutes for the action to propagate to our systems and retry."},{"@type":"type.googleapis.com/google.rpc.Help","links":[{"description":"Google developers console API activation","url":"https://console.developers.google.com/apis/api/compute.googleapis.com/overview?project=1008598090428"}]}]}},"response":{"statusCode":403}},"exit":1,"message":"Request to https://compute.googleapis.com/compute/v1/projects/1008598090428 had HTTP Error: 403, Compute Engine API has not been used in project 1008598090428 before or it is disabled. Enable it by visiting https://console.developers.google.com/apis/api/compute.googleapis.com/overview?project=1008598090428 then retry. If you enabled this API recently, wait a few minutes for the action to propagate to our systems and retry.","status":403}
[debug] [2026-07-25T16:20:51.023Z] Checked if tokens are valid: true, expires at: 1784999000608
[debug] [2026-07-25T16:20:51.023Z] Checked if tokens are valid: true, expires at: 1784999000608
[debug] [2026-07-25T16:20:51.023Z] >>> [apiv2][query] GET https://cloudbilling.googleapis.com/v1/projects/visionclother/billingInfo [none]
[debug] [2026-07-25T16:20:51.023Z] >>> [apiv2][(partial)header] GET https://cloudbilling.googleapis.com/v1/projects/visionclother/billingInfo  x-goog-user-project=visionclother
[debug] [2026-07-25T16:20:51.291Z] <<< [apiv2][status] GET https://cloudbilling.googleapis.com/v1/projects/visionclother/billingInfo 200
[debug] [2026-07-25T16:20:51.291Z] <<< [apiv2][body] GET https://cloudbilling.googleapis.com/v1/projects/visionclother/billingInfo {"name":"projects/visionclother/billingInfo","projectId":"visionclother","billingAccountName":"billingAccounts/0130BF-A9DE8E-2B89C0","billingEnabled":true}
[debug] [2026-07-25T16:20:51.294Z] Checked if tokens are valid: true, expires at: 1784999000608
[debug] [2026-07-25T16:20:51.294Z] Checked if tokens are valid: true, expires at: 1784999000608
[debug] [2026-07-25T16:20:51.294Z] >>> [apiv2][query] POST https://cloudfunctions.googleapis.com/v2/projects/visionclother/locations/us-central1/functions:generateUploadUrl [none]
[debug] [2026-07-25T16:20:51.477Z] <<< [apiv2][status] POST https://cloudfunctions.googleapis.com/v2/projects/visionclother/locations/us-central1/functions:generateUploadUrl 200
[debug] [2026-07-25T16:20:51.477Z] <<< [apiv2][body] POST https://cloudfunctions.googleapis.com/v2/projects/visionclother/locations/us-central1/functions:generateUploadUrl {"uploadUrl":"https://storage.googleapis.com/gcf-v2-uploads-1008598090428.us-central1.cloudfunctions.appspot.com/b9487723-cd44-459a-816d-2e42fa35f1c0.zip?GoogleAccessId=service-1008598090428@gcf-admin-robot.iam.gserviceaccount.com&Expires=1784998251&Signature=EgGY94VqNk425zmxP38CcC5HKIqrS346LHMN%2Fq7fPdy9Bh0%2BA9RBroLj0sy%2BBbUZBVq%2F0tT%2FRlw0nfQRkIpYu0nzf57sG2gdmu3i5iZYvwmI4oNLZ4Dnihy%2FbccsDU%2BoI1%2F3PscB9BpxUZniaPsGGy3Ki4vchN3rx1EzQtFQRworFbs7eMI2VICUTuLpjF%2Bqq1BlJNSmpAq1BCkW%2FkP7TC4vpMbZLZNy%2BuEtmgN8REqhvzZXN2IrtQ9zGRmff%2FHwQ9vfsduTx9dY8m38yG9%2B%2F%2FnZPORoJdVjKRz8dmgk8pxbr%2F6%2FrRxV5LwbXcta3i3T1lh0vGT%2F0%2Fip4GP%2BVT12nw%3D%3D","storageSource":{"bucket":"gcf-v2-uploads-1008598090428.us-central1.cloudfunctions.appspot.com","object":"b9487723-cd44-459a-816d-2e42fa35f1c0.zip"}}
[debug] [2026-07-25T16:20:51.479Z] >>> [apiv2][query] PUT https://storage.googleapis.com/gcf-v2-uploads-1008598090428.us-central1.cloudfunctions.appspot.com/b9487723-cd44-459a-816d-2e42fa35f1c0.zip GoogleAccessId=service-1008598090428%40gcf-admin-robot.iam.gserviceaccount.com&Expires=1784998251&Signature=EgGY94VqNk425zmxP38CcC5HKIqrS346LHMN%2Fq7fPdy9Bh0%2BA9RBroLj0sy%2BBbUZBVq%2F0tT%2FRlw0nfQRkIpYu0nzf57sG2gdmu3i5iZYvwmI4oNLZ4Dnihy%2FbccsDU%2BoI1%2F3PscB9BpxUZniaPsGGy3Ki4vchN3rx1EzQtFQRworFbs7eMI2VICUTuLpjF%2Bqq1BlJNSmpAq1BCkW%2FkP7TC4vpMbZLZNy%2BuEtmgN8REqhvzZXN2IrtQ9zGRmff%2FHwQ9vfsduTx9dY8m38yG9%2B%2F%2FnZPORoJdVjKRz8dmgk8pxbr%2F6%2FrRxV5LwbXcta3i3T1lh0vGT%2F0%2Fip4GP%2BVT12nw%3D%3D
[debug] [2026-07-25T16:20:51.479Z] >>> [apiv2][body] PUT https://storage.googleapis.com/gcf-v2-uploads-1008598090428.us-central1.cloudfunctions.appspot.com/b9487723-cd44-459a-816d-2e42fa35f1c0.zip [stream]
[debug] [2026-07-25T16:20:51.822Z] <<< [apiv2][status] PUT https://storage.googleapis.com/gcf-v2-uploads-1008598090428.us-central1.cloudfunctions.appspot.com/b9487723-cd44-459a-816d-2e42fa35f1c0.zip 200
[debug] [2026-07-25T16:20:51.823Z] <<< [apiv2][body] PUT https://storage.googleapis.com/gcf-v2-uploads-1008598090428.us-central1.cloudfunctions.appspot.com/b9487723-cd44-459a-816d-2e42fa35f1c0.zip [omitted]
[info] ✔  functions: functions source uploaded successfully 
[info] i  functions: Skipping the deploy of unchanged functions. 
[info] i  functions: creating Node.js 20 (2nd Gen) function wardrobeImageProcessing(us-central1)... 
[info] i  functions: updating Node.js 20 (2nd Gen) function heavyApi(us-central1)... 
[info] ✔  functions[proxyApi(us-central1)] Skipped (No changes detected) 
[info] ✔  functions[accountApi(us-central1)] Skipped (No changes detected) 
[debug] [2026-07-25T16:20:51.844Z] Checked if tokens are valid: true, expires at: 1784999000608
[debug] [2026-07-25T16:20:51.844Z] Checked if tokens are valid: true, expires at: 1784999000608
[debug] [2026-07-25T16:20:51.844Z] >>> [apiv2][query] POST https://cloudfunctions.googleapis.com/v2/projects/visionclother/locations/us-central1/functions functionId=wardrobeImageProcessing
[debug] [2026-07-25T16:20:51.844Z] >>> [apiv2][body] POST https://cloudfunctions.googleapis.com/v2/projects/visionclother/locations/us-central1/functions {"name":"projects/visionclother/locations/us-central1/functions/wardrobeImageProcessing","buildConfig":{"runtime":"nodejs20","entryPoint":"wardrobeImageProcessing","source":{"storageSource":{"bucket":"gcf-v2-uploads-1008598090428.us-central1.cloudfunctions.appspot.com","object":"b9487723-cd44-459a-816d-2e42fa35f1c0.zip"}},"environmentVariables":{"GOOGLE_NODE_RUN_SCRIPTS":""}},"serviceConfig":{"environmentVariables":{"IAP_ALLOW_XCODE_UNVERIFIED":"true","FIREBASE_CONFIG":"{\"projectId\":\"visionclother\",\"storageBucket\":\"visionclother.firebasestorage.app\"}","GCLOUD_PROJECT":"visionclother","EVENTARC_CLOUD_EVENT_SOURCE":"projects/visionclother/locations/us-central1/services/wardrobeImageProcessing","FUNCTION_SIGNATURE_TYPE":"cloudevent","FUNCTION_TARGET":"wardrobeImageProcessing","LOG_EXECUTION_ID":"true"},"ingressSettings":null,"timeoutSeconds":null,"serviceAccountEmail":null,"availableMemory":"512Mi","minInstanceCount":0,"maxInstanceCount":4,"maxInstanceRequestConcurrency":2,"availableCpu":"1","vpcConnector":null,"vpcConnectorEgressSettings":null,"directVpcNetworkInterface":null,"directVpcEgress":null},"labels":{"deployment-tool":"cli-firebase","firebase-functions-hash":"e2041bbf398ae0c60d5c090a2647fb82096e81f7"},"eventTrigger":{"eventType":"google.cloud.storage.object.v1.finalized","retryPolicy":"RETRY_POLICY_DO_NOT_RETRY","eventFilters":[{"attribute":"bucket","value":"visionclother.firebasestorage.app"}],"triggerRegion":"us-central1"}}
[debug] [2026-07-25T16:20:53.361Z] <<< [apiv2][status] POST https://cloudfunctions.googleapis.com/v2/projects/visionclother/locations/us-central1/functions 403
[debug] [2026-07-25T16:20:53.361Z] <<< [apiv2][body] POST https://cloudfunctions.googleapis.com/v2/projects/visionclother/locations/us-central1/functions {"error":{"code":403,"message":"Validation failed for trigger projects/visionclother/locations/us-central1/triggers/wardrobeimageprocessing-619535: Permission \"storage.buckets.get\" denied on \"Bucket \\\"visionclother.firebasestorage.app\\\" could not be validated. Please verify that the bucket exists and that the Eventarc service account has permission.\"","status":"PERMISSION_DENIED"}}
[warn] ⚠  functions: Request to https://cloudfunctions.googleapis.com/v2/projects/visionclother/locations/us-central1/functions?functionId=wardrobeImageProcessing had HTTP Error: 403, Validation failed for trigger projects/visionclother/locations/us-central1/triggers/wardrobeimageprocessing-619535: Permission "storage.buckets.get" denied on "Bucket \"visionclother.firebasestorage.app\" could not be validated. Please verify that the bucket exists and that the Eventarc service account has permission." 
[warn] ⚠  functions:  failed to create function projects/visionclother/locations/us-central1/functions/wardrobeImageProcessing 
[error] Failed to create function projects/visionclother/locations/us-central1/functions/wardrobeImageProcessing
[debug] [2026-07-25T16:20:53.364Z] Checked if tokens are valid: true, expires at: 1784999000608
[debug] [2026-07-25T16:20:53.364Z] Checked if tokens are valid: true, expires at: 1784999000608
[debug] [2026-07-25T16:20:53.364Z] >>> [apiv2][query] PATCH https://cloudfunctions.googleapis.com/v2/projects/visionclother/locations/us-central1/functions/heavyApi updateMask=name%2CbuildConfig.runtime%2CbuildConfig.entryPoint%2CbuildConfig.source.storageSource.bucket%2CbuildConfig.source.storageSource.object%2CbuildConfig.environmentVariables%2CbuildConfig.sourceToken%2CserviceConfig.environmentVariables%2CserviceConfig.secretEnvironmentVariables%2CserviceConfig.ingressSettings%2CserviceConfig.timeoutSeconds%2CserviceConfig.serviceAccountEmail%2CserviceConfig.availableMemory%2CserviceConfig.minInstanceCount%2CserviceConfig.maxInstanceCount%2CserviceConfig.maxInstanceRequestConcurrency%2CserviceConfig.availableCpu%2CserviceConfig.vpcConnector%2CserviceConfig.vpcConnectorEgressSettings%2CserviceConfig.directVpcNetworkInterface%2CserviceConfig.directVpcEgress%2Clabels
[debug] [2026-07-25T16:20:53.364Z] >>> [apiv2][body] PATCH https://cloudfunctions.googleapis.com/v2/projects/visionclother/locations/us-central1/functions/heavyApi {"name":"projects/visionclother/locations/us-central1/functions/heavyApi","buildConfig":{"runtime":"nodejs20","entryPoint":"heavyApi","source":{"storageSource":{"bucket":"gcf-v2-uploads-1008598090428.us-central1.cloudfunctions.appspot.com","object":"b9487723-cd44-459a-816d-2e42fa35f1c0.zip"}},"environmentVariables":{"GOOGLE_NODE_RUN_SCRIPTS":""}},"serviceConfig":{"environmentVariables":{"IAP_ALLOW_XCODE_UNVERIFIED":"true","FIREBASE_CONFIG":"{\"projectId\":\"visionclother\",\"storageBucket\":\"visionclother.firebasestorage.app\"}","GCLOUD_PROJECT":"visionclother","EVENTARC_CLOUD_EVENT_SOURCE":"projects/visionclother/locations/us-central1/services/heavyApi","FUNCTION_TARGET":"heavyApi","LOG_EXECUTION_ID":"true"},"secretEnvironmentVariables":[{"key":"OPENROUTER_API_KEY","secret":"OPENROUTER_API_KEY","projectId":"visionclother","version":"4"}],"ingressSettings":null,"timeoutSeconds":180,"serviceAccountEmail":null,"availableMemory":"512Mi","minInstanceCount":0,"maxInstanceCount":2,"maxInstanceRequestConcurrency":2,"availableCpu":"1","vpcConnector":null,"vpcConnectorEgressSettings":null,"directVpcNetworkInterface":null,"directVpcEgress":null},"labels":{"deployment-tool":"cli-firebase","firebase-functions-hash":"7370a4a00ff5076db0c221385a02e74384f72d44"}}
[debug] [2026-07-25T16:20:54.195Z] <<< [apiv2][status] PATCH https://cloudfunctions.googleapis.com/v2/projects/visionclother/locations/us-central1/functions/heavyApi 200
[debug] [2026-07-25T16:20:54.195Z] <<< [apiv2][body] PATCH https://cloudfunctions.googleapis.com/v2/projects/visionclother/locations/us-central1/functions/heavyApi {"name":"projects/visionclother/locations/us-central1/operations/operation-1784996453450-65771df888296-5c7128ba-d15370b0","metadata":{"@type":"type.googleapis.com/google.cloud.functions.v2.OperationMetadata","createTime":"2026-07-25T16:20:54.181117893Z","target":"projects/visionclother/locations/us-central1/functions/heavyApi","verb":"update","cancelRequested":false,"apiVersion":"v2"},"done":false}
[debug] [2026-07-25T16:20:54.196Z] Checked if tokens are valid: true, expires at: 1784999000608
[debug] [2026-07-25T16:20:54.196Z] Checked if tokens are valid: true, expires at: 1784999000608
[debug] [2026-07-25T16:20:54.196Z] >>> [apiv2][query] GET https://cloudfunctions.googleapis.com/v2/projects/visionclother/locations/us-central1/operations/operation-1784996453450-65771df888296-5c7128ba-d15370b0 [none]
[debug] [2026-07-25T16:20:54.284Z] <<< [apiv2][status] GET https://cloudfunctions.googleapis.com/v2/projects/visionclother/locations/us-central1/operations/operation-1784996453450-65771df888296-5c7128ba-d15370b0 200
[debug] [2026-07-25T16:20:54.285Z] <<< [apiv2][body] GET https://cloudfunctions.googleapis.com/v2/projects/visionclother/locations/us-central1/operations/operation-1784996453450-65771df888296-5c7128ba-d15370b0 {"name":"projects/visionclother/locations/us-central1/operations/operation-1784996453450-65771df888296-5c7128ba-d15370b0","metadata":{"@type":"type.googleapis.com/google.cloud.functions.v2.OperationMetadata","createTime":"2026-07-25T16:20:54.181117893Z","target":"projects/visionclother/locations/us-central1/functions/heavyApi","verb":"update","cancelRequested":false,"apiVersion":"v2"},"done":false}
[debug] [2026-07-25T16:20:54.787Z] [update-default-us-central1-heavyApi] Retrying task index 0
[debug] [2026-07-25T16:20:54.788Z] Checked if tokens are valid: true, expires at: 1784999000608
[debug] [2026-07-25T16:20:54.788Z] Checked if tokens are valid: true, expires at: 1784999000608
[debug] [2026-07-25T16:20:54.788Z] >>> [apiv2][query] GET https://cloudfunctions.googleapis.com/v2/projects/visionclother/locations/us-central1/operations/operation-1784996453450-65771df888296-5c7128ba-d15370b0 [none]
[debug] [2026-07-25T16:20:54.883Z] <<< [apiv2][status] GET https://cloudfunctions.googleapis.com/v2/projects/visionclother/locations/us-central1/operations/operation-1784996453450-65771df888296-5c7128ba-d15370b0 200
[debug] [2026-07-25T16:20:54.883Z] <<< [apiv2][body] GET https://cloudfunctions.googleapis.com/v2/projects/visionclother/locations/us-central1/operations/operation-1784996453450-65771df888296-5c7128ba-d15370b0 {"name":"projects/visionclother/locations/us-central1/operations/operation-1784996453450-65771df888296-5c7128ba-d15370b0","metadata":{"@type":"type.googleapis.com/google.cloud.functions.v2.OperationMetadata","createTime":"2026-07-25T16:20:54.181117893Z","target":"projects/visionclother/locations/us-central1/functions/heavyApi","verb":"update","cancelRequested":false,"apiVersion":"v2","requestResource":{"@type":"type.googleapis.com/google.cloud.functions.v2.Function","name":"projects/visionclother/locations/us-central1/functions/heavyApi","buildConfig":{"runtime":"nodejs20","entryPoint":"heavyApi","source":{"storageSource":{"bucket":"gcf-v2-sources-1008598090428-us-central1","object":"heavyApi/function-source.zip","generation":"1784996454128199"}},"environmentVariables":{"GOOGLE_NODE_RUN_SCRIPTS":""},"dockerRepository":"projects/visionclother/locations/us-central1/repositories/gcf-artifacts","sourceProvenance":{"resolvedStorageSource":{"bucket":"gcf-v2-sources-1008598090428-us-central1","object":"heavyApi/function-source.zip","generation":"1784646860631886"}},"dockerRegistry":"ARTIFACT_REGISTRY","serviceAccount":"projects/visionclother/serviceAccounts/1008598090428-compute@developer.gserviceaccount.com","automaticUpdatePolicy":{}},"serviceConfig":{"service":"projects/visionclother/locations/us-central1/services/heavyapi","timeoutSeconds":180,"environmentVariables":{"IAP_ALLOW_XCODE_UNVERIFIED":"true","FIREBASE_CONFIG":"{\"projectId\":\"visionclother\",\"storageBucket\":\"visionclother.firebasestorage.app\"}","GCLOUD_PROJECT":"visionclother","EVENTARC_CLOUD_EVENT_SOURCE":"projects/visionclother/locations/us-central1/services/heavyApi","FUNCTION_TARGET":"heavyApi","LOG_EXECUTION_ID":"true"},"maxInstanceCount":2,"ingressSettings":"ALLOW_ALL","uri":"https://heavyapi-z3sgjy64ga-uc.a.run.app","serviceAccountEmail":"1008598090428-compute@developer.gserviceaccount.com","availableMemory":"512Mi","allTrafficOnLatestRevision":true,"secretEnvironmentVariables":[{"key":"OPENROUTER_API_KEY","projectId":"visionclother","secret":"OPENROUTER_API_KEY","version":"4"}],"revision":"heavyapi-00001-gek","maxInstanceRequestConcurrency":2,"availableCpu":"1"},"state":"ACTIVE","labels":{"deployment-tool":"cli-firebase","firebase-functions-hash":"7370a4a00ff5076db0c221385a02e74384f72d44"},"environment":"GEN_2","url":"https://us-central1-visionclother.cloudfunctions.net/heavyApi","satisfiesPzi":true},"stages":[{"name":"BUILD","state":"NOT_STARTED","stateMessages":[{"severity":"WARNING","type":"BuildAnalysisWarning","message":"Node.js 20 is no longer supported by the Node.js community as of 30 April, 2026. Runtime nodejs20 is currently deprecated for Cloud Functions. We recommend you to upgrade to the latest version of Node.js as soon as possible."}]},{"name":"SERVICE","state":"NOT_STARTED"}],"operationType":"UPDATE_FUNCTION"},"done":false}
[debug] [2026-07-25T16:20:55.885Z] [update-default-us-central1-heavyApi] Retrying task index 0
[debug] [2026-07-25T16:20:55.889Z] Checked if tokens are valid: true, expires at: 1784999000608
[debug] [2026-07-25T16:20:55.889Z] Checked if tokens are valid: true, expires at: 1784999000608
[debug] [2026-07-25T16:20:55.889Z] >>> [apiv2][query] GET https://cloudfunctions.googleapis.com/v2/projects/visionclother/locations/us-central1/operations/operation-1784996453450-65771df888296-5c7128ba-d15370b0 [none]
[debug] [2026-07-25T16:20:56.005Z] <<< [apiv2][status] GET https://cloudfunctions.googleapis.com/v2/projects/visionclother/locations/us-central1/operations/operation-1784996453450-65771df888296-5c7128ba-d15370b0 200
[debug] [2026-07-25T16:20:56.006Z] <<< [apiv2][body] GET https://cloudfunctions.googleapis.com/v2/projects/visionclother/locations/us-central1/operations/operation-1784996453450-65771df888296-5c7128ba-d15370b0 {"name":"projects/visionclother/locations/us-central1/operations/operation-1784996453450-65771df888296-5c7128ba-d15370b0","metadata":{"@type":"type.googleapis.com/google.cloud.functions.v2.OperationMetadata","createTime":"2026-07-25T16:20:54.181117893Z","target":"projects/visionclother/locations/us-central1/functions/heavyApi","verb":"update","cancelRequested":false,"apiVersion":"v2","requestResource":{"@type":"type.googleapis.com/google.cloud.functions.v2.Function","name":"projects/visionclother/locations/us-central1/functions/heavyApi","buildConfig":{"runtime":"nodejs20","entryPoint":"heavyApi","source":{"storageSource":{"bucket":"gcf-v2-sources-1008598090428-us-central1","object":"heavyApi/function-source.zip","generation":"1784996454128199"}},"environmentVariables":{"GOOGLE_NODE_RUN_SCRIPTS":""},"dockerRepository":"projects/visionclother/locations/us-central1/repositories/gcf-artifacts","sourceProvenance":{"resolvedStorageSource":{"bucket":"gcf-v2-sources-1008598090428-us-central1","object":"heavyApi/function-source.zip","generation":"1784646860631886"}},"dockerRegistry":"ARTIFACT_REGISTRY","serviceAccount":"projects/visionclother/serviceAccounts/1008598090428-compute@developer.gserviceaccount.com","automaticUpdatePolicy":{}},"serviceConfig":{"service":"projects/visionclother/locations/us-central1/services/heavyapi","timeoutSeconds":180,"environmentVariables":{"IAP_ALLOW_XCODE_UNVERIFIED":"true","FIREBASE_CONFIG":"{\"projectId\":\"visionclother\",\"storageBucket\":\"visionclother.firebasestorage.app\"}","GCLOUD_PROJECT":"visionclother","EVENTARC_CLOUD_EVENT_SOURCE":"projects/visionclother/locations/us-central1/services/heavyApi","FUNCTION_TARGET":"heavyApi","LOG_EXECUTION_ID":"true"},"maxInstanceCount":2,"ingressSettings":"ALLOW_ALL","uri":"https://heavyapi-z3sgjy64ga-uc.a.run.app","serviceAccountEmail":"1008598090428-compute@developer.gserviceaccount.com","availableMemory":"512Mi","allTrafficOnLatestRevision":true,"secretEnvironmentVariables":[{"key":"OPENROUTER_API_KEY","projectId":"visionclother","secret":"OPENROUTER_API_KEY","version":"4"}],"revision":"heavyapi-00001-gek","maxInstanceRequestConcurrency":2,"availableCpu":"1"},"state":"ACTIVE","labels":{"deployment-tool":"cli-firebase","firebase-functions-hash":"7370a4a00ff5076db0c221385a02e74384f72d44"},"environment":"GEN_2","url":"https://us-central1-visionclother.cloudfunctions.net/heavyApi","satisfiesPzi":true},"stages":[{"name":"BUILD","message":"Build in progress","state":"IN_PROGRESS","resource":"projects/1008598090428/locations/us-central1/builds/e11183f7-77cb-4229-8d52-e15fe56b048f","resourceUri":"https://console.cloud.google.com/cloud-build/builds;region=us-central1/e11183f7-77cb-4229-8d52-e15fe56b048f?project=1008598090428"},{"name":"SERVICE","state":"NOT_STARTED"}],"operationType":"UPDATE_FUNCTION","buildName":"projects/1008598090428/locations/us-central1/builds/e11183f7-77cb-4229-8d52-e15fe56b048f"},"done":false}
[debug] [2026-07-25T16:20:58.007Z] [update-default-us-central1-heavyApi] Retrying task index 0
[debug] [2026-07-25T16:20:58.010Z] Checked if tokens are valid: true, expires at: 1784999000608
[debug] [2026-07-25T16:20:58.010Z] Checked if tokens are valid: true, expires at: 1784999000608
[debug] [2026-07-25T16:20:58.011Z] >>> [apiv2][query] GET https://cloudfunctions.googleapis.com/v2/projects/visionclother/locations/us-central1/operations/operation-1784996453450-65771df888296-5c7128ba-d15370b0 [none]
[debug] [2026-07-25T16:20:58.109Z] <<< [apiv2][status] GET https://cloudfunctions.googleapis.com/v2/projects/visionclother/locations/us-central1/operations/operation-1784996453450-65771df888296-5c7128ba-d15370b0 200
[debug] [2026-07-25T16:20:58.109Z] <<< [apiv2][body] GET https://cloudfunctions.googleapis.com/v2/projects/visionclother/locations/us-central1/operations/operation-1784996453450-65771df888296-5c7128ba-d15370b0 {"name":"projects/visionclother/locations/us-central1/operations/operation-1784996453450-65771df888296-5c7128ba-d15370b0","metadata":{"@type":"type.googleapis.com/google.cloud.functions.v2.OperationMetadata","createTime":"2026-07-25T16:20:54.181117893Z","target":"projects/visionclother/locations/us-central1/functions/heavyApi","verb":"update","cancelRequested":false,"apiVersion":"v2","requestResource":{"@type":"type.googleapis.com/google.cloud.functions.v2.Function","name":"projects/visionclother/locations/us-central1/functions/heavyApi","buildConfig":{"runtime":"nodejs20","entryPoint":"heavyApi","source":{"storageSource":{"bucket":"gcf-v2-sources-1008598090428-us-central1","object":"heavyApi/function-source.zip","generation":"1784996454128199"}},"environmentVariables":{"GOOGLE_NODE_RUN_SCRIPTS":""},"dockerRepository":"projects/visionclother/locations/us-central1/repositories/gcf-artifacts","sourceProvenance":{"resolvedStorageSource":{"bucket":"gcf-v2-sources-1008598090428-us-central1","object":"heavyApi/function-source.zip","generation":"1784646860631886"}},"dockerRegistry":"ARTIFACT_REGISTRY","serviceAccount":"projects/visionclother/serviceAccounts/1008598090428-compute@developer.gserviceaccount.com","automaticUpdatePolicy":{}},"serviceConfig":{"service":"projects/visionclother/locations/us-central1/services/heavyapi","timeoutSeconds":180,"environmentVariables":{"IAP_ALLOW_XCODE_UNVERIFIED":"true","FIREBASE_CONFIG":"{\"projectId\":\"visionclother\",\"storageBucket\":\"visionclother.firebasestorage.app\"}","GCLOUD_PROJECT":"visionclother","EVENTARC_CLOUD_EVENT_SOURCE":"projects/visionclother/locations/us-central1/services/heavyApi","FUNCTION_TARGET":"heavyApi","LOG_EXECUTION_ID":"true"},"maxInstanceCount":2,"ingressSettings":"ALLOW_ALL","uri":"https://heavyapi-z3sgjy64ga-uc.a.run.app","serviceAccountEmail":"1008598090428-compute@developer.gserviceaccount.com","availableMemory":"512Mi","allTrafficOnLatestRevision":true,"secretEnvironmentVariables":[{"key":"OPENROUTER_API_KEY","projectId":"visionclother","secret":"OPENROUTER_API_KEY","version":"4"}],"revision":"heavyapi-00001-gek","maxInstanceRequestConcurrency":2,"availableCpu":"1"},"state":"ACTIVE","labels":{"deployment-tool":"cli-firebase","firebase-functions-hash":"7370a4a00ff5076db0c221385a02e74384f72d44"},"environment":"GEN_2","url":"https://us-central1-visionclother.cloudfunctions.net/heavyApi","satisfiesPzi":true},"stages":[{"name":"BUILD","message":"Build in progress","state":"IN_PROGRESS","resource":"projects/1008598090428/locations/us-central1/builds/e11183f7-77cb-4229-8d52-e15fe56b048f","resourceUri":"https://console.cloud.google.com/cloud-build/builds;region=us-central1/e11183f7-77cb-4229-8d52-e15fe56b048f?project=1008598090428"},{"name":"SERVICE","state":"NOT_STARTED"}],"operationType":"UPDATE_FUNCTION","buildName":"projects/1008598090428/locations/us-central1/builds/e11183f7-77cb-4229-8d52-e15fe56b048f"},"done":false}
[debug] [2026-07-25T16:21:02.110Z] [update-default-us-central1-heavyApi] Retrying task index 0
[debug] [2026-07-25T16:21:02.111Z] Checked if tokens are valid: true, expires at: 1784999000608
[debug] [2026-07-25T16:21:02.111Z] Checked if tokens are valid: true, expires at: 1784999000608
[debug] [2026-07-25T16:21:02.111Z] >>> [apiv2][query] GET https://cloudfunctions.googleapis.com/v2/projects/visionclother/locations/us-central1/operations/operation-1784996453450-65771df888296-5c7128ba-d15370b0 [none]
[debug] [2026-07-25T16:21:02.276Z] <<< [apiv2][status] GET https://cloudfunctions.googleapis.com/v2/projects/visionclother/locations/us-central1/operations/operation-1784996453450-65771df888296-5c7128ba-d15370b0 200
[debug] [2026-07-25T16:21:02.276Z] <<< [apiv2][body] GET https://cloudfunctions.googleapis.com/v2/projects/visionclother/locations/us-central1/operations/operation-1784996453450-65771df888296-5c7128ba-d15370b0 {"name":"projects/visionclother/locations/us-central1/operations/operation-1784996453450-65771df888296-5c7128ba-d15370b0","metadata":{"@type":"type.googleapis.com/google.cloud.functions.v2.OperationMetadata","createTime":"2026-07-25T16:20:54.181117893Z","target":"projects/visionclother/locations/us-central1/functions/heavyApi","verb":"update","cancelRequested":false,"apiVersion":"v2","requestResource":{"@type":"type.googleapis.com/google.cloud.functions.v2.Function","name":"projects/visionclother/locations/us-central1/functions/heavyApi","buildConfig":{"runtime":"nodejs20","entryPoint":"heavyApi","source":{"storageSource":{"bucket":"gcf-v2-sources-1008598090428-us-central1","object":"heavyApi/function-source.zip","generation":"1784996454128199"}},"environmentVariables":{"GOOGLE_NODE_RUN_SCRIPTS":""},"dockerRepository":"projects/visionclother/locations/us-central1/repositories/gcf-artifacts","sourceProvenance":{"resolvedStorageSource":{"bucket":"gcf-v2-sources-1008598090428-us-central1","object":"heavyApi/function-source.zip","generation":"1784646860631886"}},"dockerRegistry":"ARTIFACT_REGISTRY","serviceAccount":"projects/visionclother/serviceAccounts/1008598090428-compute@developer.gserviceaccount.com","automaticUpdatePolicy":{}},"serviceConfig":{"service":"projects/visionclother/locations/us-central1/services/heavyapi","timeoutSeconds":180,"environmentVariables":{"IAP_ALLOW_XCODE_UNVERIFIED":"true","FIREBASE_CONFIG":"{\"projectId\":\"visionclother\",\"storageBucket\":\"visionclother.firebasestorage.app\"}","GCLOUD_PROJECT":"visionclother","EVENTARC_CLOUD_EVENT_SOURCE":"projects/visionclother/locations/us-central1/services/heavyApi","FUNCTION_TARGET":"heavyApi","LOG_EXECUTION_ID":"true"},"maxInstanceCount":2,"ingressSettings":"ALLOW_ALL","uri":"https://heavyapi-z3sgjy64ga-uc.a.run.app","serviceAccountEmail":"1008598090428-compute@developer.gserviceaccount.com","availableMemory":"512Mi","allTrafficOnLatestRevision":true,"secretEnvironmentVariables":[{"key":"OPENROUTER_API_KEY","projectId":"visionclother","secret":"OPENROUTER_API_KEY","version":"4"}],"revision":"heavyapi-00001-gek","maxInstanceRequestConcurrency":2,"availableCpu":"1"},"state":"ACTIVE","labels":{"deployment-tool":"cli-firebase","firebase-functions-hash":"7370a4a00ff5076db0c221385a02e74384f72d44"},"environment":"GEN_2","url":"https://us-central1-visionclother.cloudfunctions.net/heavyApi","satisfiesPzi":true},"stages":[{"name":"BUILD","message":"Build in progress","state":"IN_PROGRESS","resource":"projects/1008598090428/locations/us-central1/builds/e11183f7-77cb-4229-8d52-e15fe56b048f","resourceUri":"https://console.cloud.google.com/cloud-build/builds;region=us-central1/e11183f7-77cb-4229-8d52-e15fe56b048f?project=1008598090428"},{"name":"SERVICE","state":"NOT_STARTED"}],"operationType":"UPDATE_FUNCTION","buildName":"projects/1008598090428/locations/us-central1/builds/e11183f7-77cb-4229-8d52-e15fe56b048f"},"done":false}
[debug] [2026-07-25T16:21:10.277Z] [update-default-us-central1-heavyApi] Retrying task index 0
[debug] [2026-07-25T16:21:10.278Z] Checked if tokens are valid: true, expires at: 1784999000608
[debug] [2026-07-25T16:21:10.278Z] Checked if tokens are valid: true, expires at: 1784999000608
[debug] [2026-07-25T16:21:10.279Z] >>> [apiv2][query] GET https://cloudfunctions.googleapis.com/v2/projects/visionclother/locations/us-central1/operations/operation-1784996453450-65771df888296-5c7128ba-d15370b0 [none]
[debug] [2026-07-25T16:21:10.409Z] <<< [apiv2][status] GET https://cloudfunctions.googleapis.com/v2/projects/visionclother/locations/us-central1/operations/operation-1784996453450-65771df888296-5c7128ba-d15370b0 200
[debug] [2026-07-25T16:21:10.410Z] <<< [apiv2][body] GET https://cloudfunctions.googleapis.com/v2/projects/visionclother/locations/us-central1/operations/operation-1784996453450-65771df888296-5c7128ba-d15370b0 {"name":"projects/visionclother/locations/us-central1/operations/operation-1784996453450-65771df888296-5c7128ba-d15370b0","metadata":{"@type":"type.googleapis.com/google.cloud.functions.v2.OperationMetadata","createTime":"2026-07-25T16:20:54.181117893Z","target":"projects/visionclother/locations/us-central1/functions/heavyApi","verb":"update","cancelRequested":false,"apiVersion":"v2","requestResource":{"@type":"type.googleapis.com/google.cloud.functions.v2.Function","name":"projects/visionclother/locations/us-central1/functions/heavyApi","buildConfig":{"runtime":"nodejs20","entryPoint":"heavyApi","source":{"storageSource":{"bucket":"gcf-v2-sources-1008598090428-us-central1","object":"heavyApi/function-source.zip","generation":"1784996454128199"}},"environmentVariables":{"GOOGLE_NODE_RUN_SCRIPTS":""},"dockerRepository":"projects/visionclother/locations/us-central1/repositories/gcf-artifacts","sourceProvenance":{"resolvedStorageSource":{"bucket":"gcf-v2-sources-1008598090428-us-central1","object":"heavyApi/function-source.zip","generation":"1784646860631886"}},"dockerRegistry":"ARTIFACT_REGISTRY","serviceAccount":"projects/visionclother/serviceAccounts/1008598090428-compute@developer.gserviceaccount.com","automaticUpdatePolicy":{}},"serviceConfig":{"service":"projects/visionclother/locations/us-central1/services/heavyapi","timeoutSeconds":180,"environmentVariables":{"IAP_ALLOW_XCODE_UNVERIFIED":"true","FIREBASE_CONFIG":"{\"projectId\":\"visionclother\",\"storageBucket\":\"visionclother.firebasestorage.app\"}","GCLOUD_PROJECT":"visionclother","EVENTARC_CLOUD_EVENT_SOURCE":"projects/visionclother/locations/us-central1/services/heavyApi","FUNCTION_TARGET":"heavyApi","LOG_EXECUTION_ID":"true"},"maxInstanceCount":2,"ingressSettings":"ALLOW_ALL","uri":"https://heavyapi-z3sgjy64ga-uc.a.run.app","serviceAccountEmail":"1008598090428-compute@developer.gserviceaccount.com","availableMemory":"512Mi","allTrafficOnLatestRevision":true,"secretEnvironmentVariables":[{"key":"OPENROUTER_API_KEY","projectId":"visionclother","secret":"OPENROUTER_API_KEY","version":"4"}],"revision":"heavyapi-00001-gek","maxInstanceRequestConcurrency":2,"availableCpu":"1"},"state":"ACTIVE","labels":{"deployment-tool":"cli-firebase","firebase-functions-hash":"7370a4a00ff5076db0c221385a02e74384f72d44"},"environment":"GEN_2","url":"https://us-central1-visionclother.cloudfunctions.net/heavyApi","satisfiesPzi":true},"stages":[{"name":"BUILD","message":"Build in progress","state":"IN_PROGRESS","resource":"projects/1008598090428/locations/us-central1/builds/e11183f7-77cb-4229-8d52-e15fe56b048f","resourceUri":"https://console.cloud.google.com/cloud-build/builds;region=us-central1/e11183f7-77cb-4229-8d52-e15fe56b048f?project=1008598090428"},{"name":"SERVICE","state":"NOT_STARTED"}],"operationType":"UPDATE_FUNCTION","buildName":"projects/1008598090428/locations/us-central1/builds/e11183f7-77cb-4229-8d52-e15fe56b048f"},"done":false}
[debug] [2026-07-25T16:21:20.410Z] [update-default-us-central1-heavyApi] Retrying task index 0
[debug] [2026-07-25T16:21:20.413Z] Checked if tokens are valid: true, expires at: 1784999000608
[debug] [2026-07-25T16:21:20.413Z] Checked if tokens are valid: true, expires at: 1784999000608
[debug] [2026-07-25T16:21:20.414Z] >>> [apiv2][query] GET https://cloudfunctions.googleapis.com/v2/projects/visionclother/locations/us-central1/operations/operation-1784996453450-65771df888296-5c7128ba-d15370b0 [none]
[debug] [2026-07-25T16:21:20.581Z] <<< [apiv2][status] GET https://cloudfunctions.googleapis.com/v2/projects/visionclother/locations/us-central1/operations/operation-1784996453450-65771df888296-5c7128ba-d15370b0 200
[debug] [2026-07-25T16:21:20.582Z] <<< [apiv2][body] GET https://cloudfunctions.googleapis.com/v2/projects/visionclother/locations/us-central1/operations/operation-1784996453450-65771df888296-5c7128ba-d15370b0 {"name":"projects/visionclother/locations/us-central1/operations/operation-1784996453450-65771df888296-5c7128ba-d15370b0","metadata":{"@type":"type.googleapis.com/google.cloud.functions.v2.OperationMetadata","createTime":"2026-07-25T16:20:54.181117893Z","target":"projects/visionclother/locations/us-central1/functions/heavyApi","verb":"update","cancelRequested":false,"apiVersion":"v2","requestResource":{"@type":"type.googleapis.com/google.cloud.functions.v2.Function","name":"projects/visionclother/locations/us-central1/functions/heavyApi","buildConfig":{"runtime":"nodejs20","entryPoint":"heavyApi","source":{"storageSource":{"bucket":"gcf-v2-sources-1008598090428-us-central1","object":"heavyApi/function-source.zip","generation":"1784996454128199"}},"environmentVariables":{"GOOGLE_NODE_RUN_SCRIPTS":""},"dockerRepository":"projects/visionclother/locations/us-central1/repositories/gcf-artifacts","sourceProvenance":{"resolvedStorageSource":{"bucket":"gcf-v2-sources-1008598090428-us-central1","object":"heavyApi/function-source.zip","generation":"1784646860631886"}},"dockerRegistry":"ARTIFACT_REGISTRY","serviceAccount":"projects/visionclother/serviceAccounts/1008598090428-compute@developer.gserviceaccount.com","automaticUpdatePolicy":{}},"serviceConfig":{"service":"projects/visionclother/locations/us-central1/services/heavyapi","timeoutSeconds":180,"environmentVariables":{"IAP_ALLOW_XCODE_UNVERIFIED":"true","FIREBASE_CONFIG":"{\"projectId\":\"visionclother\",\"storageBucket\":\"visionclother.firebasestorage.app\"}","GCLOUD_PROJECT":"visionclother","EVENTARC_CLOUD_EVENT_SOURCE":"projects/visionclother/locations/us-central1/services/heavyApi","FUNCTION_TARGET":"heavyApi","LOG_EXECUTION_ID":"true"},"maxInstanceCount":2,"ingressSettings":"ALLOW_ALL","uri":"https://heavyapi-z3sgjy64ga-uc.a.run.app","serviceAccountEmail":"1008598090428-compute@developer.gserviceaccount.com","availableMemory":"512Mi","allTrafficOnLatestRevision":true,"secretEnvironmentVariables":[{"key":"OPENROUTER_API_KEY","projectId":"visionclother","secret":"OPENROUTER_API_KEY","version":"4"}],"revision":"heavyapi-00001-gek","maxInstanceRequestConcurrency":2,"availableCpu":"1"},"state":"ACTIVE","labels":{"deployment-tool":"cli-firebase","firebase-functions-hash":"7370a4a00ff5076db0c221385a02e74384f72d44"},"environment":"GEN_2","url":"https://us-central1-visionclother.cloudfunctions.net/heavyApi","satisfiesPzi":true},"stages":[{"name":"BUILD","message":"Build in progress","state":"IN_PROGRESS","resource":"projects/1008598090428/locations/us-central1/builds/e11183f7-77cb-4229-8d52-e15fe56b048f","resourceUri":"https://console.cloud.google.com/cloud-build/builds;region=us-central1/e11183f7-77cb-4229-8d52-e15fe56b048f?project=1008598090428"},{"name":"SERVICE","state":"NOT_STARTED"}],"operationType":"UPDATE_FUNCTION","buildName":"projects/1008598090428/locations/us-central1/builds/e11183f7-77cb-4229-8d52-e15fe56b048f"},"done":false}
[debug] [2026-07-25T16:21:30.583Z] [update-default-us-central1-heavyApi] Retrying task index 0
[debug] [2026-07-25T16:21:30.584Z] Checked if tokens are valid: true, expires at: 1784999000608
[debug] [2026-07-25T16:21:30.584Z] Checked if tokens are valid: true, expires at: 1784999000608
[debug] [2026-07-25T16:21:30.584Z] >>> [apiv2][query] GET https://cloudfunctions.googleapis.com/v2/projects/visionclother/locations/us-central1/operations/operation-1784996453450-65771df888296-5c7128ba-d15370b0 [none]
[debug] [2026-07-25T16:21:30.717Z] <<< [apiv2][status] GET https://cloudfunctions.googleapis.com/v2/projects/visionclother/locations/us-central1/operations/operation-1784996453450-65771df888296-5c7128ba-d15370b0 200
[debug] [2026-07-25T16:21:30.718Z] <<< [apiv2][body] GET https://cloudfunctions.googleapis.com/v2/projects/visionclother/locations/us-central1/operations/operation-1784996453450-65771df888296-5c7128ba-d15370b0 {"name":"projects/visionclother/locations/us-central1/operations/operation-1784996453450-65771df888296-5c7128ba-d15370b0","metadata":{"@type":"type.googleapis.com/google.cloud.functions.v2.OperationMetadata","createTime":"2026-07-25T16:20:54.181117893Z","target":"projects/visionclother/locations/us-central1/functions/heavyApi","verb":"update","cancelRequested":false,"apiVersion":"v2","requestResource":{"@type":"type.googleapis.com/google.cloud.functions.v2.Function","name":"projects/visionclother/locations/us-central1/functions/heavyApi","buildConfig":{"runtime":"nodejs20","entryPoint":"heavyApi","source":{"storageSource":{"bucket":"gcf-v2-sources-1008598090428-us-central1","object":"heavyApi/function-source.zip","generation":"1784996454128199"}},"environmentVariables":{"GOOGLE_NODE_RUN_SCRIPTS":""},"dockerRepository":"projects/visionclother/locations/us-central1/repositories/gcf-artifacts","sourceProvenance":{"resolvedStorageSource":{"bucket":"gcf-v2-sources-1008598090428-us-central1","object":"heavyApi/function-source.zip","generation":"1784646860631886"}},"dockerRegistry":"ARTIFACT_REGISTRY","serviceAccount":"projects/visionclother/serviceAccounts/1008598090428-compute@developer.gserviceaccount.com","automaticUpdatePolicy":{}},"serviceConfig":{"service":"projects/visionclother/locations/us-central1/services/heavyapi","timeoutSeconds":180,"environmentVariables":{"IAP_ALLOW_XCODE_UNVERIFIED":"true","FIREBASE_CONFIG":"{\"projectId\":\"visionclother\",\"storageBucket\":\"visionclother.firebasestorage.app\"}","GCLOUD_PROJECT":"visionclother","EVENTARC_CLOUD_EVENT_SOURCE":"projects/visionclother/locations/us-central1/services/heavyApi","FUNCTION_TARGET":"heavyApi","LOG_EXECUTION_ID":"true"},"maxInstanceCount":2,"ingressSettings":"ALLOW_ALL","uri":"https://heavyapi-z3sgjy64ga-uc.a.run.app","serviceAccountEmail":"1008598090428-compute@developer.gserviceaccount.com","availableMemory":"512Mi","allTrafficOnLatestRevision":true,"secretEnvironmentVariables":[{"key":"OPENROUTER_API_KEY","projectId":"visionclother","secret":"OPENROUTER_API_KEY","version":"4"}],"revision":"heavyapi-00001-gek","maxInstanceRequestConcurrency":2,"availableCpu":"1"},"state":"ACTIVE","labels":{"deployment-tool":"cli-firebase","firebase-functions-hash":"7370a4a00ff5076db0c221385a02e74384f72d44"},"environment":"GEN_2","url":"https://us-central1-visionclother.cloudfunctions.net/heavyApi","satisfiesPzi":true},"stages":[{"name":"BUILD","message":"Build in progress","state":"IN_PROGRESS","resource":"projects/1008598090428/locations/us-central1/builds/e11183f7-77cb-4229-8d52-e15fe56b048f","resourceUri":"https://console.cloud.google.com/cloud-build/builds;region=us-central1/e11183f7-77cb-4229-8d52-e15fe56b048f?project=1008598090428"},{"name":"SERVICE","state":"NOT_STARTED"}],"operationType":"UPDATE_FUNCTION","buildName":"projects/1008598090428/locations/us-central1/builds/e11183f7-77cb-4229-8d52-e15fe56b048f"},"done":false}
[debug] [2026-07-25T16:21:40.719Z] [update-default-us-central1-heavyApi] Retrying task index 0
[debug] [2026-07-25T16:21:40.720Z] Checked if tokens are valid: true, expires at: 1784999000608
[debug] [2026-07-25T16:21:40.720Z] Checked if tokens are valid: true, expires at: 1784999000608
[debug] [2026-07-25T16:21:40.720Z] >>> [apiv2][query] GET https://cloudfunctions.googleapis.com/v2/projects/visionclother/locations/us-central1/operations/operation-1784996453450-65771df888296-5c7128ba-d15370b0 [none]
[debug] [2026-07-25T16:21:40.845Z] <<< [apiv2][status] GET https://cloudfunctions.googleapis.com/v2/projects/visionclother/locations/us-central1/operations/operation-1784996453450-65771df888296-5c7128ba-d15370b0 200
[debug] [2026-07-25T16:21:40.845Z] <<< [apiv2][body] GET https://cloudfunctions.googleapis.com/v2/projects/visionclother/locations/us-central1/operations/operation-1784996453450-65771df888296-5c7128ba-d15370b0 {"name":"projects/visionclother/locations/us-central1/operations/operation-1784996453450-65771df888296-5c7128ba-d15370b0","metadata":{"@type":"type.googleapis.com/google.cloud.functions.v2.OperationMetadata","createTime":"2026-07-25T16:20:54.181117893Z","target":"projects/visionclother/locations/us-central1/functions/heavyApi","verb":"update","cancelRequested":false,"apiVersion":"v2","requestResource":{"@type":"type.googleapis.com/google.cloud.functions.v2.Function","name":"projects/visionclother/locations/us-central1/functions/heavyApi","buildConfig":{"runtime":"nodejs20","entryPoint":"heavyApi","source":{"storageSource":{"bucket":"gcf-v2-sources-1008598090428-us-central1","object":"heavyApi/function-source.zip","generation":"1784996454128199"}},"environmentVariables":{"GOOGLE_NODE_RUN_SCRIPTS":""},"dockerRepository":"projects/visionclother/locations/us-central1/repositories/gcf-artifacts","sourceProvenance":{"resolvedStorageSource":{"bucket":"gcf-v2-sources-1008598090428-us-central1","object":"heavyApi/function-source.zip","generation":"1784646860631886"}},"dockerRegistry":"ARTIFACT_REGISTRY","serviceAccount":"projects/visionclother/serviceAccounts/1008598090428-compute@developer.gserviceaccount.com","automaticUpdatePolicy":{}},"serviceConfig":{"service":"projects/visionclother/locations/us-central1/services/heavyapi","timeoutSeconds":180,"environmentVariables":{"IAP_ALLOW_XCODE_UNVERIFIED":"true","FIREBASE_CONFIG":"{\"projectId\":\"visionclother\",\"storageBucket\":\"visionclother.firebasestorage.app\"}","GCLOUD_PROJECT":"visionclother","EVENTARC_CLOUD_EVENT_SOURCE":"projects/visionclother/locations/us-central1/services/heavyApi","FUNCTION_TARGET":"heavyApi","LOG_EXECUTION_ID":"true"},"maxInstanceCount":2,"ingressSettings":"ALLOW_ALL","uri":"https://heavyapi-z3sgjy64ga-uc.a.run.app","serviceAccountEmail":"1008598090428-compute@developer.gserviceaccount.com","availableMemory":"512Mi","allTrafficOnLatestRevision":true,"secretEnvironmentVariables":[{"key":"OPENROUTER_API_KEY","projectId":"visionclother","secret":"OPENROUTER_API_KEY","version":"4"}],"revision":"heavyapi-00001-gek","maxInstanceRequestConcurrency":2,"availableCpu":"1"},"state":"ACTIVE","labels":{"deployment-tool":"cli-firebase","firebase-functions-hash":"7370a4a00ff5076db0c221385a02e74384f72d44"},"environment":"GEN_2","url":"https://us-central1-visionclother.cloudfunctions.net/heavyApi","satisfiesPzi":true},"stages":[{"name":"BUILD","message":"Build in progress","state":"IN_PROGRESS","resource":"projects/1008598090428/locations/us-central1/builds/e11183f7-77cb-4229-8d52-e15fe56b048f","resourceUri":"https://console.cloud.google.com/cloud-build/builds;region=us-central1/e11183f7-77cb-4229-8d52-e15fe56b048f?project=1008598090428"},{"name":"SERVICE","state":"NOT_STARTED"}],"operationType":"UPDATE_FUNCTION","buildName":"projects/1008598090428/locations/us-central1/builds/e11183f7-77cb-4229-8d52-e15fe56b048f"},"done":false}
[debug] [2026-07-25T16:21:50.847Z] [update-default-us-central1-heavyApi] Retrying task index 0
[debug] [2026-07-25T16:21:50.857Z] Checked if tokens are valid: true, expires at: 1784999000608
[debug] [2026-07-25T16:21:50.857Z] Checked if tokens are valid: true, expires at: 1784999000608
[debug] [2026-07-25T16:21:50.857Z] >>> [apiv2][query] GET https://cloudfunctions.googleapis.com/v2/projects/visionclother/locations/us-central1/operations/operation-1784996453450-65771df888296-5c7128ba-d15370b0 [none]
[debug] [2026-07-25T16:21:51.055Z] <<< [apiv2][status] GET https://cloudfunctions.googleapis.com/v2/projects/visionclother/locations/us-central1/operations/operation-1784996453450-65771df888296-5c7128ba-d15370b0 200
[debug] [2026-07-25T16:21:51.055Z] <<< [apiv2][body] GET https://cloudfunctions.googleapis.com/v2/projects/visionclother/locations/us-central1/operations/operation-1784996453450-65771df888296-5c7128ba-d15370b0 {"name":"projects/visionclother/locations/us-central1/operations/operation-1784996453450-65771df888296-5c7128ba-d15370b0","metadata":{"@type":"type.googleapis.com/google.cloud.functions.v2.OperationMetadata","createTime":"2026-07-25T16:20:54.181117893Z","target":"projects/visionclother/locations/us-central1/functions/heavyApi","verb":"update","cancelRequested":false,"apiVersion":"v2","requestResource":{"@type":"type.googleapis.com/google.cloud.functions.v2.Function","name":"projects/visionclother/locations/us-central1/functions/heavyApi","buildConfig":{"runtime":"nodejs20","entryPoint":"heavyApi","source":{"storageSource":{"bucket":"gcf-v2-sources-1008598090428-us-central1","object":"heavyApi/function-source.zip","generation":"1784996454128199"}},"environmentVariables":{"GOOGLE_NODE_RUN_SCRIPTS":""},"dockerRepository":"projects/visionclother/locations/us-central1/repositories/gcf-artifacts","sourceProvenance":{"resolvedStorageSource":{"bucket":"gcf-v2-sources-1008598090428-us-central1","object":"heavyApi/function-source.zip","generation":"1784646860631886"}},"dockerRegistry":"ARTIFACT_REGISTRY","serviceAccount":"projects/visionclother/serviceAccounts/1008598090428-compute@developer.gserviceaccount.com","automaticUpdatePolicy":{}},"serviceConfig":{"service":"projects/visionclother/locations/us-central1/services/heavyapi","timeoutSeconds":180,"environmentVariables":{"IAP_ALLOW_XCODE_UNVERIFIED":"true","FIREBASE_CONFIG":"{\"projectId\":\"visionclother\",\"storageBucket\":\"visionclother.firebasestorage.app\"}","GCLOUD_PROJECT":"visionclother","EVENTARC_CLOUD_EVENT_SOURCE":"projects/visionclother/locations/us-central1/services/heavyApi","FUNCTION_TARGET":"heavyApi","LOG_EXECUTION_ID":"true"},"maxInstanceCount":2,"ingressSettings":"ALLOW_ALL","uri":"https://heavyapi-z3sgjy64ga-uc.a.run.app","serviceAccountEmail":"1008598090428-compute@developer.gserviceaccount.com","availableMemory":"512Mi","allTrafficOnLatestRevision":true,"secretEnvironmentVariables":[{"key":"OPENROUTER_API_KEY","projectId":"visionclother","secret":"OPENROUTER_API_KEY","version":"4"}],"revision":"heavyapi-00001-gek","maxInstanceRequestConcurrency":2,"availableCpu":"1"},"state":"ACTIVE","labels":{"deployment-tool":"cli-firebase","firebase-functions-hash":"7370a4a00ff5076db0c221385a02e74384f72d44"},"environment":"GEN_2","url":"https://us-central1-visionclother.cloudfunctions.net/heavyApi","satisfiesPzi":true},"stages":[{"name":"BUILD","message":"Build finished","state":"COMPLETE","resource":"projects/1008598090428/locations/us-central1/builds/e11183f7-77cb-4229-8d52-e15fe56b048f","resourceUri":"https://console.cloud.google.com/cloud-build/builds;region=us-central1/e11183f7-77cb-4229-8d52-e15fe56b048f?project=1008598090428"},{"name":"SERVICE","message":"Updating Cloud Run service","state":"IN_PROGRESS","resource":"projects/visionclother/locations/us-central1/services/heavyapi","resourceUri":"https://console.cloud.google.com/run/detail/us-central1/heavyapi?project=visionclother","stateMessages":[{"severity":"INFO","type":"CloudRunServiceNewRevisionTrafficInfo","message":"A new revision will be deployed serving with 100% traffic."}]}],"sourceToken":"Clhwcm9qZWN0cy8xMDA4NTk4MDkwNDI4L2xvY2F0aW9ucy91cy1jZW50cmFsMS9idWlsZHMvZTExMTgzZjctNzdjYi00MjI5LThkNTItZTE1ZmU1NmIwNDhmEmd1cy1jZW50cmFsMS1kb2NrZXIucGtnLmRldi92aXNpb25jbG90aGVyL2djZi1hcnRpZmFjdHMvdmlzaW9uY2xvdGhlcl9fdXMtLWNlbnRyYWwxX19oZWF2eV9hcGk6dmVyc2lvbl8xGLyFhqmtHSI/cHJvamVjdHMvdmlzaW9uY2xvdGhlci9sb2NhdGlvbnMvdXMtY2VudHJhbDEvZnVuY3Rpb25zL2hlYXZ5QXBpKgwIl8WT0wYQqN7BsgMyCG5vZGVqczIwOnYKI2djci5pby9nYWUtcnVudGltZXMvbm9kZWpzMjA6c3RhYmxlEk91cy1jZW50cmFsMS1kb2NrZXIucGtnLmRldi9zZXJ2ZXJsZXNzLXJ1bnRpbWVzL2dvb2dsZS0yMi1mdWxsL3J1bnRpbWVzL25vZGVqczIwQAE=","operationType":"UPDATE_FUNCTION","buildName":"projects/1008598090428/locations/us-central1/builds/e11183f7-77cb-4229-8d52-e15fe56b048f"},"done":false}
[debug] [2026-07-25T16:21:51.056Z] Got source token Clhwcm9qZWN0cy8xMDA4NTk4MDkwNDI4L2xvY2F0aW9ucy91cy1jZW50cmFsMS9idWlsZHMvZTExMTgzZjctNzdjYi00MjI5LThkNTItZTE1ZmU1NmIwNDhmEmd1cy1jZW50cmFsMS1kb2NrZXIucGtnLmRldi92aXNpb25jbG90aGVyL2djZi1hcnRpZmFjdHMvdmlzaW9uY2xvdGhlcl9fdXMtLWNlbnRyYWwxX19oZWF2eV9hcGk6dmVyc2lvbl8xGLyFhqmtHSI/cHJvamVjdHMvdmlzaW9uY2xvdGhlci9sb2NhdGlvbnMvdXMtY2VudHJhbDEvZnVuY3Rpb25zL2hlYXZ5QXBpKgwIl8WT0wYQqN7BsgMyCG5vZGVqczIwOnYKI2djci5pby9nYWUtcnVudGltZXMvbm9kZWpzMjA6c3RhYmxlEk91cy1jZW50cmFsMS1kb2NrZXIucGtnLmRldi9zZXJ2ZXJsZXNzLXJ1bnRpbWVzL2dvb2dsZS0yMi1mdWxsL3J1bnRpbWVzL25vZGVqczIwQAE= for region us-central1
[debug] [2026-07-25T16:22:01.058Z] [update-default-us-central1-heavyApi] Retrying task index 0
[debug] [2026-07-25T16:22:01.061Z] Checked if tokens are valid: true, expires at: 1784999000608
[debug] [2026-07-25T16:22:01.061Z] Checked if tokens are valid: true, expires at: 1784999000608
[debug] [2026-07-25T16:22:01.061Z] >>> [apiv2][query] GET https://cloudfunctions.googleapis.com/v2/projects/visionclother/locations/us-central1/operations/operation-1784996453450-65771df888296-5c7128ba-d15370b0 [none]
[debug] [2026-07-25T16:22:01.211Z] <<< [apiv2][status] GET https://cloudfunctions.googleapis.com/v2/projects/visionclother/locations/us-central1/operations/operation-1784996453450-65771df888296-5c7128ba-d15370b0 200
[debug] [2026-07-25T16:22:01.211Z] <<< [apiv2][body] GET https://cloudfunctions.googleapis.com/v2/projects/visionclother/locations/us-central1/operations/operation-1784996453450-65771df888296-5c7128ba-d15370b0 {"name":"projects/visionclother/locations/us-central1/operations/operation-1784996453450-65771df888296-5c7128ba-d15370b0","metadata":{"@type":"type.googleapis.com/google.cloud.functions.v2.OperationMetadata","createTime":"2026-07-25T16:20:54.181117893Z","endTime":"2026-07-25T16:21:51.870738136Z","target":"projects/visionclother/locations/us-central1/functions/heavyApi","verb":"update","cancelRequested":false,"apiVersion":"v2","requestResource":{"@type":"type.googleapis.com/google.cloud.functions.v2.Function","name":"projects/visionclother/locations/us-central1/functions/heavyApi","buildConfig":{"runtime":"nodejs20","entryPoint":"heavyApi","source":{"storageSource":{"bucket":"gcf-v2-sources-1008598090428-us-central1","object":"heavyApi/function-source.zip","generation":"1784996454128199"}},"environmentVariables":{"GOOGLE_NODE_RUN_SCRIPTS":""},"dockerRepository":"projects/visionclother/locations/us-central1/repositories/gcf-artifacts","sourceProvenance":{"resolvedStorageSource":{"bucket":"gcf-v2-sources-1008598090428-us-central1","object":"heavyApi/function-source.zip","generation":"1784646860631886"}},"dockerRegistry":"ARTIFACT_REGISTRY","serviceAccount":"projects/visionclother/serviceAccounts/1008598090428-compute@developer.gserviceaccount.com","automaticUpdatePolicy":{}},"serviceConfig":{"service":"projects/visionclother/locations/us-central1/services/heavyapi","timeoutSeconds":180,"environmentVariables":{"IAP_ALLOW_XCODE_UNVERIFIED":"true","FIREBASE_CONFIG":"{\"projectId\":\"visionclother\",\"storageBucket\":\"visionclother.firebasestorage.app\"}","GCLOUD_PROJECT":"visionclother","EVENTARC_CLOUD_EVENT_SOURCE":"projects/visionclother/locations/us-central1/services/heavyApi","FUNCTION_TARGET":"heavyApi","LOG_EXECUTION_ID":"true"},"maxInstanceCount":2,"ingressSettings":"ALLOW_ALL","uri":"https://heavyapi-z3sgjy64ga-uc.a.run.app","serviceAccountEmail":"1008598090428-compute@developer.gserviceaccount.com","availableMemory":"512Mi","allTrafficOnLatestRevision":true,"secretEnvironmentVariables":[{"key":"OPENROUTER_API_KEY","projectId":"visionclother","secret":"OPENROUTER_API_KEY","version":"4"}],"revision":"heavyapi-00001-gek","maxInstanceRequestConcurrency":2,"availableCpu":"1"},"state":"ACTIVE","labels":{"deployment-tool":"cli-firebase","firebase-functions-hash":"7370a4a00ff5076db0c221385a02e74384f72d44"},"environment":"GEN_2","url":"https://us-central1-visionclother.cloudfunctions.net/heavyApi","satisfiesPzi":true},"stages":[{"name":"BUILD","message":"Build finished","state":"COMPLETE","resource":"projects/1008598090428/locations/us-central1/builds/e11183f7-77cb-4229-8d52-e15fe56b048f","resourceUri":"https://console.cloud.google.com/cloud-build/builds;region=us-central1/e11183f7-77cb-4229-8d52-e15fe56b048f?project=1008598090428"},{"name":"SERVICE","message":"Updating Cloud Run service","state":"COMPLETE","resource":"projects/visionclother/locations/us-central1/services/heavyapi","resourceUri":"https://console.cloud.google.com/run/detail/us-central1/heavyapi?project=visionclother","stateMessages":[{"severity":"INFO","type":"CloudRunServiceNewRevisionTrafficInfo","message":"A new revision will be deployed serving with 100% traffic."}]}],"sourceToken":"Clhwcm9qZWN0cy8xMDA4NTk4MDkwNDI4L2xvY2F0aW9ucy91cy1jZW50cmFsMS9idWlsZHMvZTExMTgzZjctNzdjYi00MjI5LThkNTItZTE1ZmU1NmIwNDhmEmd1cy1jZW50cmFsMS1kb2NrZXIucGtnLmRldi92aXNpb25jbG90aGVyL2djZi1hcnRpZmFjdHMvdmlzaW9uY2xvdGhlcl9fdXMtLWNlbnRyYWwxX19oZWF2eV9hcGk6dmVyc2lvbl8xGLyFhqmtHSI/cHJvamVjdHMvdmlzaW9uY2xvdGhlci9sb2NhdGlvbnMvdXMtY2VudHJhbDEvZnVuY3Rpb25zL2hlYXZ5QXBpKgwIl8WT0wYQqN7BsgMyCG5vZGVqczIwOnYKI2djci5pby9nYWUtcnVudGltZXMvbm9kZWpzMjA6c3RhYmxlEk91cy1jZW50cmFsMS1kb2NrZXIucGtnLmRldi9zZXJ2ZXJsZXNzLXJ1bnRpbWVzL2dvb2dsZS0yMi1mdWxsL3J1bnRpbWVzL25vZGVqczIwQAE=","operationType":"UPDATE_FUNCTION","buildName":"projects/1008598090428/locations/us-central1/builds/e11183f7-77cb-4229-8d52-e15fe56b048f"},"done":true,"response":{"@type":"type.googleapis.com/google.cloud.functions.v2.Function","name":"projects/visionclother/locations/us-central1/functions/heavyApi","buildConfig":{"build":"projects/1008598090428/locations/us-central1/builds/e11183f7-77cb-4229-8d52-e15fe56b048f","runtime":"nodejs20","entryPoint":"heavyApi","source":{"storageSource":{"bucket":"gcf-v2-sources-1008598090428-us-central1","object":"heavyApi/function-source.zip","generation":"1784996454128199"}},"environmentVariables":{"GOOGLE_NODE_RUN_SCRIPTS":""},"dockerRepository":"projects/visionclother/locations/us-central1/repositories/gcf-artifacts","sourceProvenance":{"resolvedStorageSource":{"bucket":"gcf-v2-sources-1008598090428-us-central1","object":"heavyApi/function-source.zip","generation":"1784996454128199"}},"dockerRegistry":"ARTIFACT_REGISTRY","serviceAccount":"projects/visionclother/serviceAccounts/1008598090428-compute@developer.gserviceaccount.com","automaticUpdatePolicy":{}},"serviceConfig":{"service":"projects/visionclother/locations/us-central1/services/heavyapi","timeoutSeconds":180,"environmentVariables":{"IAP_ALLOW_XCODE_UNVERIFIED":"true","FIREBASE_CONFIG":"{\"projectId\":\"visionclother\",\"storageBucket\":\"visionclother.firebasestorage.app\"}","GCLOUD_PROJECT":"visionclother","EVENTARC_CLOUD_EVENT_SOURCE":"projects/visionclother/locations/us-central1/services/heavyApi","FUNCTION_TARGET":"heavyApi","LOG_EXECUTION_ID":"true"},"maxInstanceCount":2,"ingressSettings":"ALLOW_ALL","uri":"https://heavyapi-z3sgjy64ga-uc.a.run.app","serviceAccountEmail":"1008598090428-compute@developer.gserviceaccount.com","availableMemory":"512Mi","allTrafficOnLatestRevision":true,"secretEnvironmentVariables":[{"key":"OPENROUTER_API_KEY","projectId":"visionclother","secret":"OPENROUTER_API_KEY","version":"4"}],"revision":"heavyapi-00002-lex","maxInstanceRequestConcurrency":2,"availableCpu":"1"},"state":"ACTIVE","updateTime":"2026-07-25T16:20:54.182594973Z","labels":{"deployment-tool":"cli-firebase","firebase-functions-hash":"7370a4a00ff5076db0c221385a02e74384f72d44"},"environment":"GEN_2","url":"https://us-central1-visionclother.cloudfunctions.net/heavyApi","createTime":"2026-07-21T15:14:20.952066396Z","satisfiesPzi":true}}
[debug] [2026-07-25T16:22:01.211Z] Got source token Clhwcm9qZWN0cy8xMDA4NTk4MDkwNDI4L2xvY2F0aW9ucy91cy1jZW50cmFsMS9idWlsZHMvZTExMTgzZjctNzdjYi00MjI5LThkNTItZTE1ZmU1NmIwNDhmEmd1cy1jZW50cmFsMS1kb2NrZXIucGtnLmRldi92aXNpb25jbG90aGVyL2djZi1hcnRpZmFjdHMvdmlzaW9uY2xvdGhlcl9fdXMtLWNlbnRyYWwxX19oZWF2eV9hcGk6dmVyc2lvbl8xGLyFhqmtHSI/cHJvamVjdHMvdmlzaW9uY2xvdGhlci9sb2NhdGlvbnMvdXMtY2VudHJhbDEvZnVuY3Rpb25zL2hlYXZ5QXBpKgwIl8WT0wYQqN7BsgMyCG5vZGVqczIwOnYKI2djci5pby9nYWUtcnVudGltZXMvbm9kZWpzMjA6c3RhYmxlEk91cy1jZW50cmFsMS1kb2NrZXIucGtnLmRldi9zZXJ2ZXJsZXNzLXJ1bnRpbWVzL2dvb2dsZS0yMi1mdWxsL3J1bnRpbWVzL25vZGVqczIwQAE= for region us-central1
[debug] [2026-07-25T16:22:01.218Z] Checked if tokens are valid: true, expires at: 1784999000608
[debug] [2026-07-25T16:22:01.218Z] Checked if tokens are valid: true, expires at: 1784999000608
[debug] [2026-07-25T16:22:01.223Z] >>> [apiv2][query] GET https://run.googleapis.com/v1/projects/visionclother/locations/us-central1/services/heavyapi:getIamPolicy [none]
[debug] [2026-07-25T16:22:01.604Z] <<< [apiv2][status] GET https://run.googleapis.com/v1/projects/visionclother/locations/us-central1/services/heavyapi:getIamPolicy 200
[debug] [2026-07-25T16:22:01.604Z] <<< [apiv2][body] GET https://run.googleapis.com/v1/projects/visionclother/locations/us-central1/services/heavyapi:getIamPolicy {"version":1,"etag":"BwZXIH2bLQE=","bindings":[{"role":"roles/run.invoker","members":["allUsers"]}]}
[info] ✔  functions[heavyApi(us-central1)] Successful update operation. 
[warn] ⚠  functions: Deploys failed. Skipping deletes. 
[debug] [2026-07-25T16:22:01.610Z] Total Function Deployment time: 69779
[debug] [2026-07-25T16:22:01.611Z] 2 Functions Deployed
[debug] [2026-07-25T16:22:01.611Z] 1 Functions Errored
[debug] [2026-07-25T16:22:01.611Z] 0 Function Deployments Aborted
[debug] [2026-07-25T16:22:01.611Z] Average Function Deployment time: 35649.5
[info] 
[info] Functions deploy had errors with the following functions:
	wardrobeImageProcessing(us-central1)
[debug] [2026-07-25T16:22:01.613Z] Not printing URL for HTTPS function. Typically this means it didn't match a filter or we failed deployment
[info] Function URL (heavyApi(us-central1)): https://heavyapi-z3sgjy64ga-uc.a.run.app
[debug] [2026-07-25T16:22:01.613Z] Not printing URL for HTTPS function. Typically this means it didn't match a filter or we failed deployment
[debug] [2026-07-25T16:22:01.615Z] Checked if tokens are valid: true, expires at: 1784999000608
[debug] [2026-07-25T16:22:01.615Z] Checked if tokens are valid: true, expires at: 1784999000608
[debug] [2026-07-25T16:22:01.615Z] >>> [apiv2][query] GET https://artifactregistry.googleapis.com/v1/projects/visionclother/locations/us-central1/repositories/gcf-artifacts [none]
[debug] [2026-07-25T16:22:01.863Z] <<< [apiv2][status] GET https://artifactregistry.googleapis.com/v1/projects/visionclother/locations/us-central1/repositories/gcf-artifacts 200
[debug] [2026-07-25T16:22:01.863Z] <<< [apiv2][body] GET https://artifactregistry.googleapis.com/v1/projects/visionclother/locations/us-central1/repositories/gcf-artifacts {"name":"projects/visionclother/locations/us-central1/repositories/gcf-artifacts","format":"DOCKER","description":"This repository is created and used by Cloud Functions for storing function docker images.","labels":{"goog-managed-by":"cloudfunctions"},"createTime":"2026-07-17T18:31:00.516170Z","updateTime":"2026-07-25T16:21:37.113673Z","mode":"STANDARD_REPOSITORY","cleanupPolicies":{"firebase-functions-cleanup":{"id":"firebase-functions-cleanup","action":"DELETE","condition":{"tagState":"ANY","olderThan":"86400s"}}},"sizeBytes":"163557315","vulnerabilityScanningConfig":{"lastEnableTime":"2026-07-17T18:30:51.843686242Z","enablementState":"SCANNING_DISABLED","enablementStateReason":"API containerscanning.googleapis.com is not enabled."},"satisfiesPzi":true,"registryUri":"us-central1-docker.pkg.dev/visionclother/gcf-artifacts"}
[debug] [2026-07-25T16:22:01.864Z] Functions deploy failed.
[debug] [2026-07-25T16:22:01.865Z] {
  "endpoint": {
    "id": "wardrobeImageProcessing",
    "project": "visionclother",
    "region": "us-central1",
    "entryPoint": "wardrobeImageProcessing",
    "platform": "gcfv2",
    "runtime": "nodejs20",
    "eventTrigger": {
      "eventType": "google.cloud.storage.object.v1.finalized",
      "retry": false,
      "eventFilters": {
        "bucket": "visionclother.firebasestorage.app"
      },
      "region": "us-central1"
    },
    "labels": {
      "deployment-tool": "cli-firebase"
    },
    "serviceAccount": null,
    "ingressSettings": null,
    "availableMemoryMb": 512,
    "timeoutSeconds": null,
    "maxInstances": 4,
    "minInstances": 0,
    "concurrency": 2,
    "cpu": 1,
    "vpc": null,
    "environmentVariables": {
      "IAP_ALLOW_XCODE_UNVERIFIED": "true",
      "FIREBASE_CONFIG": "{\"projectId\":\"visionclother\",\"storageBucket\":\"visionclother.firebasestorage.app\"}",
      "GCLOUD_PROJECT": "visionclother",
      "EVENTARC_CLOUD_EVENT_SOURCE": "projects/visionclother/locations/us-central1/services/wardrobeImageProcessing"
    },
    "codebase": "default",
    "targetedByOnly": false,
    "hash": "e2041bbf398ae0c60d5c090a2647fb82096e81f7"
  },
  "op": "create",
  "original": {
    "name": "FirebaseError",
    "children": [],
    "context": {
      "function": "projects/visionclother/locations/us-central1/functions/wardrobeImageProcessing"
    },
    "exit": 1,
    "message": "Failed to create function projects/visionclother/locations/us-central1/functions/wardrobeImageProcessing",
    "original": {
      "name": "FirebaseError",
      "children": [],
      "context": {
        "body": {
          "error": {
            "code": 403,
            "message": "Validation failed for trigger projects/visionclother/locations/us-central1/triggers/wardrobeimageprocessing-619535: Permission \"storage.buckets.get\" denied on \"Bucket \\\"visionclother.firebasestorage.app\\\" could not be validated. Please verify that the bucket exists and that the Eventarc service account has permission.\"",
            "status": "PERMISSION_DENIED"
          }
        },
        "response": {
          "statusCode": 403
        }
      },
      "exit": 1,
      "message": "Request to https://cloudfunctions.googleapis.com/v2/projects/visionclother/locations/us-central1/functions?functionId=wardrobeImageProcessing had HTTP Error: 403, Validation failed for trigger projects/visionclother/locations/us-central1/triggers/wardrobeimageprocessing-619535: Permission \"storage.buckets.get\" denied on \"Bucket \\\"visionclother.firebasestorage.app\\\" could not be validated. Please verify that the bucket exists and that the Eventarc service account has permission.\"",
      "status": 403
    },
    "status": 403,
    "code": 403
  }
}
[debug] [2026-07-25T16:22:01.866Z] Error: Failed to create function wardrobeImageProcessing in region us-central1
    at /usr/local/lib/node_modules/firebase-tools/lib/deploy/functions/release/fabricator.js:407:27
    at process.processTicksAndRejections (node:internal/process/task_queues:95:5)
    at async Fabricator.createV2Function (/usr/local/lib/node_modules/firebase-tools/lib/deploy/functions/release/fabricator.js:386:30)
    at async Fabricator.createEndpoint (/usr/local/lib/node_modules/firebase-tools/lib/deploy/functions/release/fabricator.js:228:13)
    at async Fabricator.wrapOperation (/usr/local/lib/node_modules/firebase-tools/lib/deploy/functions/release/fabricator.js:213:13)
    at async Promise.all (index 0)
    at async Promise.allSettled (index 0)
    at async Fabricator.applyPlan (/usr/local/lib/node_modules/firebase-tools/lib/deploy/functions/release/fabricator.js:149:45)
    at async release (/usr/local/lib/node_modules/firebase-tools/lib/deploy/functions/release/index.js:89:21)
    at async chain (/usr/local/lib/node_modules/firebase-tools/lib/deploy/index.js:105:9)
[error] 
[error] Error: There was an error deploying functions
